Date,Temperature,Humidity,Rainfall,ET,Soil_Moisture_Smart,Soil_Moisture_Trad,Irrigation_Smart,Irrigation_Trad,Crop_Health_Smart,Crop_Health_Trad,month,day,day_of_year
2023-01-01,0.5272965727628102,-0.356798128349528,-0.04560653097725002,0.34473742568439275,0.06833620933000019,0.0,0.0,0.0,0.9940430038666792,2.567797994974063,1,1,1
2023-01-02,-0.15759341261493584,0.25914651442525455,-1.1253265401901495,-0.18899908939108434,-0.6270505968726489,0.0,0.0,0.0,0.6390014880729765,2.567797994974063,1,2,2
2023-01-03,0.6901380734708465,0.05081508440134974,0.22029197168195044,-0.9914375864905085,-0.7409879381290223,0.0,0.0,0.0,-1.0455097032805614,2.567797994974063,1,3,3
2023-01-04,1.6342842862237872,0.1346240755909547,-1.1253265401901495,1.5458304867945183,-1.905801027329421,0.0,0.0,0.0,-1.3946079392490527,-0.9991810510288303,1,4,4
2023-01-05,-0.26101970330314206,-0.723017368803412,0.9975580570969348,0.2649983335610708,1.8293248656310264,0.0,0.0,0.0,0.009317045974455086,-0.029446371869301317,1,5,5
2023-01-06,-0.26100199503441646,0.06255430823105257,0.3008407584878958,0.43615115572116914,1.1856496755564774,0.0,0.0,0.0,-1.3519116369118864,0.299593148870893,1,6,6
2023-01-07,1.6948834227497465,0.5289487229820121,0.02973432497388285,-1.1331068378184328,1.4209388515002956,0.0,0.0,0.0,-0.636911517275458,0.904487288521583,1,7,7
2023-01-08,0.8192967346798967,1.4678142111256887,0.9393921179258649,1.3695969511062307,1.087196031473033,0.0,0.0,0.0,-0.7175073953411705,-1.0611214660961166,1,8,8
2023-01-09,-0.5148377704615265,0.9833105669423152,1.794122291129566,-0.8099044425555504,1.2935993542063966,0.0,0.0,0.0,-0.2798869680886118,0.054030740838484984,1,9,9
2023-01-10,0.5767461109613732,2.1593352582215806,0.9790490047983536,0.31599088733858177,1.188317122949006,0.0,0.0,0.0,-0.4007221469042318,-0.9713974666364537,1,10,10
2023-01-11,-0.5083050000395117,-0.7174399780737432,-1.1253265401901495,-0.830860572948344,0.41800120940717667,0.0,0.0,0.0,0.31517886438566334,0.22613008399271145,1,11,11
2023-01-12,-0.5107987968733534,0.8976630475510105,-1.1253265401901495,-0.2685167735377835,-0.026878764489171442,0.0,0.0,0.0,1.2906710909498944,-0.9408932816137024,1,12,12
2023-01-13,0.25252030089291205,0.21900655366042013,-1.0729397639971103,-0.6842538774561798,-0.09735458346529544,0.0,0.0,0.0,1.2906710909498944,-0.44674884710505086,1,13,13
2023-01-14,-2.072131828166539,2.1954070934421934,-0.2581102738697832,-2.531907555413455,0.060594190311351916,0.0,0.0,0.0,1.1469641384947356,-1.0427849044027155,1,14,14
2023-01-15,-1.8689634704847782,-0.7577771851830342,0.3572502330207604,0.32893072466656587,-0.6037067183451821,0.0,0.0,0.0,0.7651997700816813,0.6274860641204179,1,15,15
2023-01-16,-0.6149463520094944,-0.788729960700098,-1.1253265401901495,-0.29830376807893333,-1.655007053387867,0.0,0.0,0.0,-2.2259918146446123,0.8377363283531383,1,16,16
2023-01-17,-1.1009042478775382,-0.5520013268898414,-0.056971275891692014,-0.40839336588062114,1.0153105161811014,0.0,0.0,0.0,-0.811578426415935,-0.2708122556355111,1,17,17
2023-01-18,0.330487220975405,-2.053664612082504,-1.1253265401901495,1.4481562048410246,-0.12541943259606214,0.0,0.0,0.0,1.2906710909498944,0.005909737507833461,1,18,18
2023-01-19,-0.9878590021423422,-0.4794669269617089,-1.0562894288269322,-0.173960523438898,-0.34347456784964314,0.0,0.0,0.0,1.2906710909498944,-1.5019718194129226,1,19,19
2023-01-20,-1.53177677332845,-0.7093481507128866,-1.1253265401901495,-0.6701665148792136,-0.3427491626924148,0.0,0.0,0.0,0.910739458018227,-0.33678946836972945,1,20,20
2023-01-21,1.5723928442217585,0.1865519578879734,-1.1253265401901495,1.1158078727220937,-0.9839311672978919,0.0,0.0,0.0,-0.5272311199150183,-0.08378514115334876,1,21,21
2023-01-22,-0.2519841616815949,0.37504719796392055,-1.1253265401901495,1.2859926943422302,-1.7262836965347472,0.0,0.0,0.0,-1.4412529954512039,2.567797994974063,1,22,22
2023-01-23,0.06437510521481048,1.8864737713980217,-1.1253265401901495,-0.7012160771465159,0.6529214482044979,0.0,0.0,0.0,-0.4631656740971566,-1.160581136463268,1,23,23
2023-01-24,-1.545199438318264,0.9745961228084336,1.0282106144223793,-1.2230371327899512,0.859882017472377,0.0,0.0,0.0,0.5036767911522436,1.4520389794575532,1,24,24
2023-01-25,-0.5956341669121615,-0.5298492625586526,-1.1253265401901495,0.46533729723006667,0.2602904194327612,0.0,0.0,0.0,1.2906710909498944,0.9781037112502605,1,25,25
2023-01-26,0.11118044093509319,-0.8465434658919778,2.933148898432416,1.0550345347265535,0.7245372089409173,0.0,0.0,0.0,-0.020490897584432958,0.25174028726625225,1,26,26
2023-01-27,-1.24992675815548,0.5229606793730395,0.32677924102299377,-0.21489598977598984,0.2350645682276971,0.0,0.0,0.0,0.7120871635898549,1.7506512725008412,1,27,27
2023-01-28,0.39676814592305987,-1.2620424024399222,-0.05938811377015795,1.0610531539276915,-0.5214050849665193,0.0,0.0,0.0,0.576811674191517,0.3445044738985595,1,28,28
2023-01-29,-0.6563120482828906,1.842431565184959,-1.1253265401901495,-1.8733875578876398,-0.862747003314635,0.0,0.0,0.0,-0.42824333064480824,0.36179966211227943,1,29,29
2023-01-30,-0.32308295345077676,1.2001813301865236,0.5858984199280016,0.4364217579701715,-0.6753470512479735,0.0,0.0,0.0,0.11307492369667235,-0.08674246553693586,1,30,30
2023-01-31,-0.6574639130286433,-0.42373521794153296,-1.0113737263838531,-1.0975072607088094,-1.3920625592265705,0.0,0.0,0.0,0.5189320478732926,1.2080238284148093,1,31,31
2023-02-01,1.9894126864606552,-1.6490573571722467,-0.1380360967997602,1.9662755851032399,0.9941066277025495,0.0,0.0,0.0,-0.2890696878801347,1.0791245647937637,2,1,32
2023-02-02,-0.023019206842837692,1.3720002752458842,2.9140238186939693,-1.0509541795094768,1.7666918301336583,0.0,0.0,0.0,-1.5418777542982425,-0.667405979355243,2,2,33
2023-02-03,-1.1493117666965753,-0.07441249229596568,-0.41102273972870607,-0.793573046687104,1.3624171880893061,0.0,0.0,0.0,-1.1264185338425228,-1.3707962032821839,2,3,34
2023-02-04,0.878738771092898,1.2576829412675559,1.1479252218374039,0.2877208235373322,1.8642974820113452,0.0,0.0,0.0,-0.9285332398597442,-0.23872433050822164,2,4,35
2023-02-05,-1.3252672911317114,-1.5321289289548234,-1.1253265401901495,-0.14200737121447368,1.0640027661770772,0.0,0.0,0.0,-0.34998055224072716,-0.844236052788276,2,5,36
2023-02-06,0.21681995239011956,-0.5519839684161411,-0.33457159642267764,0.5572507884264458,0.5527142207581582,0.0,0.0,0.0,0.1046942544975067,-0.09729369716832811,2,6,37
2023-02-07,-2.1221681144259277,0.0435764800757404,1.9259729858665948,-0.30877945675692064,1.0032056478548768,0.0,0.0,0.0,0.7808711106505035,1.222089456633155,2,7,38
2023-02-08,-1.4410471786972894,0.08468808050249962,-1.0756293000908006,-0.6808804591247988,0.3337539305685719,0.0,0.0,0.0,1.2906710909498944,-0.49664630167679336,2,8,39
2023-02-09,0.20387416577522438,-0.40491134213801216,1.9781091870958865,0.047583803379047766,0.7814517499983004,0.0,0.0,0.0,-0.20962079775694945,-0.07629939386250723,2,9,40
2023-02-10,0.788051587506447,0.6519298623041362,0.5952146237047982,0.8691557385217548,0.1538337471190131,0.0,0.0,0.0,-0.12932416615262174,0.02597461121381039,2,10,41
2023-02-11,0.17637737554173288,-1.0132142178279115,-0.9948857843167527,1.2100828719270198,-0.7502060850251283,0.0,0.0,0.0,0.7410786215353915,0.8275742165279562,2,11,42
2023-02-12,-0.1331996955186638,-0.10183504426923802,0.5008963489327954,-0.934059860251568,-0.2745851889882467,0.0,0.0,0.0,0.2956289273854861,-2.3115729086506733,2,12,43
2023-02-13,-0.33323255395483503,0.15690472752932055,0.9267028800708373,0.08713329989981455,-0.4820214225871733,0.0,0.0,0.0,0.999379228936288,-0.6481602897286226,2,13,44
2023-02-14,-1.6032000518794576,0.5451429569416705,0.48762971293997953,-0.7732531911561847,-0.7676238189436566,0.0,0.0,0.0,-1.3431051636907616,0.18140560395279964,2,14,45
2023-02-15,-0.7848875381568402,0.7393649497630178,-1.1253265401901495,-1.002546425059876,-1.052933630497604,0.0,0.0,0.0,0.20091082661787832,1.1842013065115744,2,15,46
2023-02-16,-0.5053076451930468,-1.0693815933857491,-1.1253265401901495,0.9275614961231157,-1.9625060766847153,0.0,0.0,0.0,-2.637273581918425,-0.531737009734783,2,16,47
2023-02-17,1.1317546839580555,-1.4727190452521899,-0.6006236293115699,1.0607680193778501,0.4534516598075125,0.0,0.0,0.0,1.209512840477932,-1.9359926520833015,2,17,48
2023-02-18,0.36216683807012656,1.2969462691763682,-0.38395003212569256,-0.18762346206249522,-0.024186023562549258,0.0,0.0,0.0,1.1597144322819175,0.595616321836729,2,18,49
2023-02-19,-1.9100823414749997,0.3657466917389851,0.4862052975583312,-1.4961795160031988,0.35603937963211935,0.0,0.0,0.0,0.19356617741554544,-0.6772282128793483,2,19,50
2023-02-20,0.34109705189079353,-0.6988615237854573,-0.06832008864437486,0.4106169881512135,0.3294202877636295,0.0,0.0,0.0,0.6120165493340736,-1.2393809256664063,2,20,51
2023-02-21,-0.42381214977479537,1.5663242739194845,-1.1253265401901495,-1.6009007959628925,-0.05003507703088926,0.0,0.0,0.0,1.2906710909498944,-0.6660552231153448,2,21,52
2023-02-22,-0.7385914941310074,0.15235296094954706,0.18517194469336815,-1.5452962508436707,-0.6674877070623845,0.0,0.0,0.0,0.24391574227463378,-0.22000774085246952,2,22,53
2023-02-23,0.6512951352474731,1.2000405349768626,0.47357887920087177,1.0217739088360738,-0.8460716156554063,0.0,0.0,0.0,0.30278756588980643,-0.6461769695625378,2,23,54
2023-02-24,1.1035786441995339,0.10491827371103302,0.409991701398704,0.028992067595872625,-1.0281749889373766,0.0,0.0,0.0,0.9875804648879857,-2.269664531882513,2,24,55
2023-02-25,0.9960209463394181,2.0682855608755855,1.0621839936569613,-0.8111142388801177,-1.2723000661041848,0.0,0.0,0.0,-1.8307589795892698,0.8768981628735174,2,25,56
2023-02-26,-0.9136440137639741,1.7674540249515416,0.7531585392431274,-2.6932760012376216,-0.5966178426697162,0.0,0.0,0.0,1.2906710909498944,1.2600564356543518,2,26,57
2023-02-27,-0.3419786048947421,-0.2068228780742326,0.284044424055252,-0.630471313216104,-0.6254470457302377,0.0,0.0,0.0,0.30683897903647,0.6278772754973155,2,27,58
2023-02-28,0.34884084476725785,0.9954264138535782,-0.3786075666886193,-1.0732320955392916,-0.7344188921582508,0.0,0.0,0.0,-0.5522344830692507,-1.1866639336473246,2,28,59
2023-03-01,1.0437653390607742,0.6741183993535724,-1.1253265401901495,1.48106900334851,-2.1680528682807956,0.0,0.0,0.0,-2.7792128182241345,-0.23721414271444632,3,1,60
2023-03-02,-0.5253000647162055,1.3865383395429023,0.24703794211613858,-0.17680987643922738,1.0181789055683677,0.0,0.0,0.0,-0.28569270900833843,-0.03948332365960153,3,2,61
2023-03-03,-0.20871347565223428,-0.9120558340311324,-0.030781795763581705,-0.337736372621715,0.8023600571443785,0.0,0.0,0.0,0.8103810049199239,0.5744030990059913,3,3,62
2023-03-04,-1.201757832045782,0.714184517579819,0.04919918926482553,0.4709920608773379,0.11858579339350073,0.0,0.0,0.0,1.1260481399242301,0.6449339074475845,3,4,63
2023-03-05,-1.298693708688634,1.0809787278181173,-1.1253265401901495,-0.5762781472514966,-0.34435467073487325,0.0,0.0,0.0,1.2906710909498944,-0.7774387022064271,3,5,64
2023-03-06,0.8679321458301174,-1.693979070350778,-1.1253265401901495,0.8528619035276248,-1.163549251058065,0.0,0.0,0.0,-1.5871049795786234,0.05028686609156413,3,6,65
2023-03-07,1.4543841935573962,-1.127119834972087,1.0275985395930385,-0.44619820035592345,-1.292157218684523,0.0,0.0,0.0,-0.7883713117889829,0.43088540520023494,3,7,66
2023-03-08,-0.08613142238155297,-1.9702694774905274,-0.3402882916710332,2.120020190124971,-2.4501496550692186,0.0,0.0,0.0,-2.7792128182241345,1.4435657648587485,3,8,67
2023-03-09,1.073953046670274,-0.22695929589500238,0.5623524842845269,-0.24293640512442502,1.4534549912332773,0.0,0.0,0.0,-0.5662106462380325,0.6816120368271121,3,9,68
2023-03-10,0.38160083068450484,0.7452035247082407,-0.25532203604747145,-1.184898695204476,0.6364132421174168,0.0,0.0,0.0,1.0389315004476407,0.7673593372935615,3,10,69
2023-03-11,-0.7042894804964364,1.518260386067012,-0.2535221978831074,-0.3258062685091156,0.45951732468964535,0.0,0.0,0.0,0.40452224489980126,0.052143863908707004,3,11,70
2023-03-12,0.3813415133271733,0.111396047952468,0.8838017922776302,1.7987775312327563,0.0634632734228547,0.0,0.0,0.0,-0.5163798629406304,1.3975602867354866,3,12,71
2023-03-13,1.6504705762694654,1.6426273005875125,-0.9367731803276431,1.3545412258706815,-0.8929971072787195,0.0,0.0,0.0,-0.0350079648377045,0.38269499057791434,3,13,72
2023-03-14,-0.047103144255240294,-1.321013719725802,-0.17044482220207577,0.752023040365417,-1.6042474264909383,0.0,0.0,0.0,-0.953215677395795,-0.9061498015772224,3,14,73
2023-03-15,1.6791690760602735,-1.6394513712526018,-0.8694628762487526,1.9660103719475246,0.29125801551783753,0.0,0.0,0.0,1.2307679498416777,1.3903707354087522,3,15,74
2023-03-16,-2.7824395411224803,-0.01630415422463621,-0.8346881588953274,-1.24991386747395,-0.02469480710544987,0.0,0.0,0.0,1.2906710909498944,0.6749152733038231,3,16,75
2023-03-17,0.878045867866789,0.4167227992429363,-0.6778034373375552,0.8675778458752258,-0.6608190936488609,0.0,0.0,0.0,-0.5592610690713679,-0.4821867926353793,3,17,76
2023-03-18,0.08542821982596986,0.006206418337801294,-0.01269772519701879,0.18763831555705307,-1.1105598714134504,0.0,0.0,0.0,-0.033562470755503636,-0.519151822716335,3,18,77
2023-03-19,-0.3309714287600044,-1.9980567644779674,-0.8900847213094721,0.49525866796963475,-1.588514477241475,0.0,0.0,0.0,-0.4069980227208495,0.2679051115999427,3,19,78
2023-03-20,0.09051244211031585,-0.049373520892489246,1.2812237956042476,-0.02283982161652487,1.4757421650032667,0.0,0.0,0.0,-2.0805064357588368,0.4368733966349461,3,20,79
2023-03-21,-2.152259847843316,-1.246514864554643,-1.1253265401901495,-1.4873975363819165,1.1606606706175109,0.0,0.0,0.0,-0.15096623935407427,0.1672160714739544,3,21,80
2023-03-22,-0.2453999208110723,0.6980509919123479,-0.524703785828649,-0.6382518518779757,0.6732795123917529,0.0,0.0,0.0,0.021527677479774496,0.2828468475510713,3,22,81
2023-03-23,0.3767218178524235,0.39951728646493123,-0.8412412875677269,-1.101352565774105,0.32274057944039064,0.0,0.0,0.0,0.8471283887412344,1.6911575467949982,3,23,82
2023-03-24,1.5856006416234505,-0.8873873589896406,1.5206013090530266,1.1795092159338312,0.5038865367638121,0.0,0.0,0.0,0.8680187362074527,1.0538455526540838,3,24,83
2023-03-25,-0.5674691261820517,-0.4677569277681966,-0.04471832937885562,-0.9190701710604668,0.8561524499866681,0.0,0.0,0.0,-0.24509314599580737,0.16046514467466724,3,25,84
2023-03-26,-0.8805050856529748,-1.0049332609048156,1.0009241107981572,-1.0088169361883914,0.9356130196965657,0.0,0.0,0.0,-0.4962813592276503,0.9217690068452811,3,26,85
2023-03-27,-0.5496579581071788,-0.02332871144764898,-1.1253265401901495,-0.26946955516036547,0.3126181388618838,0.0,0.0,0.0,0.9424718017893955,-1.0800131721178294,3,27,86
2023-03-28,0.9788948783843244,0.9792439137855566,0.04353017884239371,1.1661969569950748,-0.10407929712883753,0.0,0.0,0.0,0.2769143980207101,0.3706916612048357,3,28,87
2023-03-29,0.3461310457321939,-0.9325467596967314,0.8228963978586826,1.1053251128466086,-0.5614929383955024,0.0,0.0,0.0,-0.4182931586756382,1.8020548036310002,3,29,88
2023-03-30,-0.5798622647912844,0.5349063339940042,-0.18776615554106743,-1.6654615505869188,-0.7072946450913112,0.0,0.0,0.0,0.5796299234553082,-0.25400289880726645,3,30,89
2023-03-31,0.545150998676669,-0.48390206666962904,1.0430305255664072,-0.2157823218677747,-0.9119607398365527,0.0,0.0,0.0,-0.9952241044192202,-0.8925053239241303,3,31,90
2023-04-01,0.09624713189364806,-0.742582833077059,-0.9383301111584914,0.8983763693847849,-1.165462182559832,0.0,0.0,0.0,-0.1267325342246152,-0.6941915446162708,4,1,91
2023-04-02,1.0363228275602046,-0.06701551257246041,1.4734943155162759,-0.04589795602356951,-0.9969958905139588,0.0,0.0,0.0,-0.011105624684275868,-1.1379309191407838,4,2,92
2023-04-03,-0.7656979797058605,-0.9813211930483994,2.5870623113622027,-0.3497326608024392,-0.4322022509579988,0.0,0.0,0.0,-0.6637684730988348,-0.828743093009412,4,3,93
2023-04-04,-0.36187859226218666,-0.5069433041690141,-0.7449847995409222,0.2652519785864911,-1.3465175604013706,0.0,0.0,0.0,-1.330983463398137,-0.4086238276413892,4,4,94
2023-04-05,-0.4313902807017959,-1.141520190331877,-0.8484661896971653,-0.5883711167777725,0.8925074438489942,0.0,0.0,0.0,0.8614577184489935,-1.4583382377891598,4,5,95
2023-04-06,-1.5870134035461094,1.9737013627618567,1.5286212867757518,-1.657484069650754,1.7200444363518463,0.0,0.0,0.0,-1.9012814613967688,-0.01703019725626518,4,6,96
2023-04-07,0.31093531537044056,0.07314658103584941,1.6865870461807795,-0.7874505802102603,2.258555321935149,0.0,0.0,0.0,-2.3637955596814137,0.8821829224495779,4,7,97
2023-04-08,0.27311407824883527,-0.6508310229896053,-0.9453047895079544,-0.06629344688446182,1.6879202694925681,0.0,0.0,0.0,-0.8550507172223905,-0.953478851656645,4,8,98
2023-04-09,-0.0029456607019688703,0.24918544782293517,-0.8167751813811072,0.07478111305422885,1.170116318243883,0.0,0.0,0.0,0.15510738976049152,1.5079259247059529,4,9,99
2023-04-10,-0.26148755690469294,-0.07223383340341612,-0.6435188706216298,-1.2721637321556212,0.9335166410456582,0.0,0.0,0.0,-0.1999697777997273,0.48515476571366944,4,10,100
2023-04-11,-1.535084894189398,-0.1792477377414299,-1.1253265401901495,-0.658041735856714,0.09600272242083427,0.0,0.0,0.0,0.8356546519187834,1.01230299348888,4,11,101
2023-04-12,-0.46217057185036803,0.6433767204124664,-1.1253265401901495,-0.5787922341383198,-0.12444080481055275,0.0,0.0,0.0,1.2906710909498944,-0.700018563251024,4,12,102
2023-04-13,-0.3781141312047614,0.7845702246888923,-1.1253265401901495,-0.18717302921226459,-1.3605144575118717,0.0,0.0,0.0,0.3176035990129755,0.8337548517498735,4,13,103
2023-04-14,-0.8738001263754099,-0.48414194740242483,-1.1253265401901495,-0.284764427434443,1.1453664391079106,0.0,0.0,0.0,0.32785428828820995,-1.1402643603144105,4,14,104
2023-04-15,-0.18242438663196192,-0.5287801090069758,-0.3341915363392752,0.9366173697020321,0.24727303374381623,0.0,0.0,0.0,1.0772858092261222,0.8699829203106233,4,15,105
2023-04-16,0.42734961683196176,-0.2325195884222503,0.002425608044099957,0.3787227387086022,0.07252628002606058,0.0,0.0,0.0,0.7257441134877183,0.14140275543873143,4,16,106
2023-04-17,2.0259856684933246,-2.2290229117302407,1.6501942212668068,1.6929083785767054,-0.12281368959637105,0.0,0.0,0.0,0.42586235281046375,0.5282150797174597,4,17,107
2023-04-18,0.17983918761549827,-1.4540794388612504,-1.1253265401901495,0.6412089269476547,-1.0542193029143292,0.0,0.0,0.0,-0.056790906821591526,-1.225109624768179,4,18,108
2023-04-19,0.2693337008295539,1.3848073768161606,0.9414343748130667,0.006737801010290667,-0.6365560695786316,0.0,0.0,0.0,0.5069488939614483,-0.9406128868216185,4,19,109
2023-04-20,-0.08875867852438796,1.658734483678309,-0.5586499641530007,-0.6469771123368002,-0.6855346105807844,0.0,0.0,0.0,1.111840638221308,0.5728147521412692,4,20,110
2023-04-21,-2.0780544083382284,-0.20689369209410424,-0.3526921387195694,-1.260141818501627,-0.6035505799881143,0.0,0.0,0.0,0.7175424301705192,-0.9946454189124229,4,21,111
2023-04-22,-0.03705901190487986,0.6063304448207252,0.5539887379239646,-0.7612114506543836,-0.48794836491041055,0.0,0.0,0.0,-0.5947003317703415,0.4368951978419984,4,22,112
2023-04-23,0.05650346251171269,0.34499840871171067,-1.1253265401901495,-0.5861923332574481,-1.3119003508063176,0.0,0.0,0.0,-0.08312128943492016,-1.4193649024951709,4,23,113
2023-04-24,2.6484005197357674,2.7183047207204094,0.18794086581990427,-0.3969517003687774,0.9220972195620293,0.0,0.0,0.0,-0.6984709138125793,0.8273139127829495,4,24,114
2023-04-25,-0.21594226351649914,1.1412130092349453,-0.0824016871394323,0.6025861583296143,0.3190516382562811,0.0,0.0,0.0,0.6437367946395778,-1.2828443924712827,4,25,115
2023-04-26,0.31678896698376996,-0.08758981586318428,0.3256943572682213,-0.6674843228586373,0.30846626199783356,0.0,0.0,0.0,1.0980901968230465,0.5272503281230457,4,26,116
2023-04-27,-0.04590128937139231,-0.902813388539848,0.07121867187877456,-0.24192794829123268,0.21185764476167798,0.0,0.0,0.0,1.2906710909498944,0.6016196240590928,4,27,117
2023-04-28,-1.2690012788830984,-1.5439675292873876,2.782851357530851,-0.8066291789542656,1.191532172890087,0.0,0.0,0.0,1.2906710909498944,-0.7395071439546513,4,28,118
2023-04-29,1.2241916387529361,0.23882672563752919,-1.0891151939862482,1.2380915282830303,0.29302288939680576,0.0,0.0,0.0,1.2906710909498944,0.5573978594674638,4,29,119
2023-04-30,0.8025765505601197,-0.7066079125446975,-0.9554908560305233,0.4927154763030687,-0.71885930268898,0.0,0.0,0.0,-0.03404801244528296,0.23126021550322148,4,30,120
2023-05-01,0.8447487765708953,-1.3625344546900309,-1.0708391257473973,1.7891630628250828,-1.616691700016881,0.0,0.0,0.0,-0.9045943575729437,-0.5793410376040833,5,1,121
2023-05-02,-0.989329547803475,-0.5984747209895418,-0.9861359084683056,-0.9256133870849281,1.061912832826968,0.0,0.0,0.0,0.39184643856410295,-1.0557045703971188,5,2,122
2023-05-03,1.5045978056231462,-1.0269331319879607,-1.088673476377396,1.4321089308756236,0.26300001587207433,0.0,0.0,0.0,0.7727938773035248,-2.023284352626892,5,3,123
2023-05-04,-1.5205025207743237,1.7002765641726996,1.1976770367324916,-2.1587094016092627,0.8715143869985159,0.0,0.0,0.0,1.2906710909498944,0.32173110026536766,5,4,124
2023-05-05,0.624525064520697,0.9068425506244027,1.487460764351646,1.4785732803100744,0.9144852298786118,0.0,0.0,0.0,0.1618111939266113,-1.619828622880081,5,5,125
2023-05-06,2.3541720594790263,0.03055814356223866,-1.0052503495700855,0.6089610738717101,0.0993539679976142,0.0,0.0,0.0,1.2906710909498944,0.06382451372052989,5,6,126
2023-05-07,-1.0768570036592329,1.4961832585477273,-1.1253265401901495,-1.034689474518213,-0.08659392223739741,0.0,0.0,0.0,1.2906710909498944,-0.3000480749168631,5,7,127
2023-05-08,-0.6192717681697808,0.11462053186416175,0.29936118568644293,-0.053263162327940664,-0.8983931374636713,0.0,0.0,0.0,0.11063286024277999,0.6558891446878028,5,8,128
2023-05-09,0.09902325856794567,-0.8099692769880067,-0.9820623534599855,0.5664731930663643,-1.807110294351051,0.0,0.0,0.0,-0.9840350857667879,-0.33919186062762346,5,9,129
2023-05-10,-0.5515116574479169,1.538716283912172,0.501552407410949,-1.054756762568447,1.5684334864673677,0.0,0.0,0.0,-1.4190471101870181,-0.36698213885514314,5,10,130
2023-05-11,-1.681012062570251,0.5692475439044079,-0.036746357440087994,-1.3930389210144265,1.7015944803287146,0.0,0.0,0.0,-1.5809816301843034,0.7093636528826804,5,11,131
2023-05-12,0.06549121188959456,-0.9832950039552304,-1.1253265401901495,0.35448051899872,1.0743743101073162,0.0,0.0,0.0,-1.0007900744473472,0.3069324723908122,5,12,132
2023-05-13,-1.154265560440899,-0.149075722499107,1.6464446195893014,-0.8271274777388506,1.6511267231951512,0.0,0.0,0.0,-0.8146402580377275,0.2877627644043328,5,13,133
2023-05-14,0.502357401999242,-0.8240885792050221,1.957365223392969,1.1969688347844123,1.4660813525509933,0.0,0.0,0.0,-0.2984330994743476,0.44304231799448,5,14,134
2023-05-15,-1.00015525327109,-1.323671567504169,-1.0578803664365093,1.26956475272241,0.3910003031216798,0.0,0.0,0.0,1.115914804956195,-1.5901840954277113,5,15,135
2023-05-16,1.6633036266161954,0.950713085127116,-0.7761090974988196,0.28565887592854877,-0.14810502165060235,0.0,0.0,0.0,1.2906710909498944,0.7346344443732242,5,16,136
2023-05-17,-0.85328079825485,1.9192214908499576,0.06708355389711054,-2.176987819115995,-0.0774895782762647,0.0,0.0,0.0,1.0648552677415977,0.5882711205433224,5,17,137
2023-05-18,-0.3558377326990299,-1.339203179758678,0.12791182158254918,0.12287786498603986,-0.394098487314533,0.0,0.0,0.0,1.048971520495048,-1.0639481062522447,5,18,138
2023-05-19,0.8690014679240902,0.5929462869959747,0.5336148976345318,2.034161049819624,-0.7395589926814171,0.0,0.0,0.0,-0.693372384982832,-0.28040610295434315,5,19,139
2023-05-20,-1.3360756170868178,-0.6024834346814131,2.2256664486134876,-1.230049415319789,-0.3809894444812565,0.0,0.0,0.0,0.33928760343139425,-0.07273351550133546,5,20,140
2023-05-21,0.23687802943573266,-0.4414160303889065,-0.5122800836338544,1.3559887164613105,-0.8904665390704487,0.0,0.0,0.0,0.31201037406386944,-0.169270808664961,5,21,141
2023-05-22,1.4014277014938,-0.5451074590959524,-1.1253265401901495,2.1487909772080616,-2.0468853277236323,0.0,0.0,0.0,-1.341953597787919,0.3057174464035483,5,22,142
2023-05-23,-1.7422981016926784,-0.8126352960854654,-1.1253265401901495,-1.2434953477254869,1.0039906737477657,0.0,0.0,0.0,-0.3365519420272839,1.4187639564142414,5,23,143
2023-05-24,0.19068567374016,0.0862060272233298,-1.1253265401901495,0.4210778775454871,-0.0290382182255831,0.0,0.0,0.0,1.0929875174990011,1.064213884588597,5,24,144
2023-05-25,0.2718494394440886,-0.7800896511337878,-0.33224128912545,1.487083003171108,-0.4993376608120576,0.0,0.0,0.0,-0.6222579519336708,-1.3636686920331436,5,25,145
2023-05-26,0.8348158357245572,0.3048162372655159,1.9557130435523529,0.10833842788294049,-0.1594420636731342,0.0,0.0,0.0,0.6972656774440018,0.5980082610117183,5,26,146
2023-05-27,-1.3426404234584115,-0.011074111961512399,-0.9387342637819387,-1.031117386665441,-1.3232090679056439,0.0,0.0,0.0,-0.21198193949604865,1.3148801297891295,5,27,147
2023-05-28,-1.4327101821474615,-0.19695683564964991,-0.010626969761214872,-1.2797787038252926,1.1778900098333478,0.0,0.0,0.0,-0.0005902374244524237,0.35941570372144777,5,28,148
2023-05-29,0.5545069483854899,-0.8555553882757808,-0.3113305915427156,-0.09918886405517394,0.9071266805786171,0.0,0.0,0.0,0.3600048482208093,1.0735580396486621,5,29,149
2023-05-30,0.31186765610638245,-0.529718919932108,1.196896822860843,-0.11603064716633413,0.9553710754542961,0.0,0.0,0.0,-0.0250113435094364,2.007892685940833,5,30,150
2023-05-31,0.26172141305239977,0.7824854492015542,2.872522944100234,-0.9876016719782472,2.2025820394841196,0.0,0.0,0.0,-1.9527973422131897,1.0053346663238256,5,31,151
2023-06-01,0.3652191996198676,0.531823889051723,-0.9553303936012831,0.015310943539863661,2.006064301079865,0.0,0.0,0.0,-2.1148887801086467,0.21996890523920162,6,1,152
2023-06-02,-0.7419381001661867,-0.9244983714390794,-0.9034678327778519,-0.7235899653195497,1.5489104536925384,0.0,0.0,0.0,-0.47985850318593215,1.0270163004080153,6,2,153
2023-06-03,0.24204859852489785,0.1362554695182283,1.0163420961173748,0.20916128896027988,1.4432089573292586,0.0,0.0,0.0,-0.5109906806569108,0.11406964000741943,6,3,154
2023-06-04,0.30764794355032754,0.7785413353925192,0.5628416905263236,-1.1821787575178593,2.1278133437854416,0.0,0.0,0.0,-1.5038712377599552,-0.008628183998643698,6,4,155
2023-06-05,-0.7789629952211281,-1.605983251861977,2.020995408243094,0.23276319697745343,2.4459057311121963,0.0,0.0,0.0,-2.6915349052071766,-0.38925961309480556,6,5,156
2023-06-06,2.003969871655483,0.5736310213810916,0.4402080930621533,1.5709530626115988,1.9570961276964598,0.0,0.0,0.0,-2.7792128182241345,1.552680192419175,6,6,157
2023-06-07,0.5026167956541656,-0.6142851247672347,-0.7405452154037603,-0.8775396508427733,1.3939223738197772,0.0,0.0,0.0,0.031296157158654386,-0.8628865413848207,6,7,158
2023-06-08,-1.2934051788595111,0.6004614163084832,0.44862872286871347,-0.819279958322345,1.174564849587065,0.0,0.0,0.0,-0.7239222339101656,1.5211949804226557,6,8,159
2023-06-09,0.6996999696073554,-0.7134128233968215,1.0971387166325217,1.4614198398558007,0.7436929670370526,0.0,0.0,0.0,-0.3334491585927552,0.474072070919625,6,9,160
2023-06-10,-1.0597561173324397,-1.7394303853725077,0.7363339507536589,-0.9407056640817549,0.727991129675472,0.0,0.0,0.0,0.7658944293150936,-1.4519887455707094,6,10,161
2023-06-11,0.8404911582570479,-1.5647475891886273,0.34424997119656603,2.1436367713819826,-0.3023378865973321,0.0,0.0,0.0,0.4556012080292298,0.339985198847169,6,11,162
2023-06-12,1.2412041977955324,0.08577588820966003,1.0445256066848287,0.9791440558544848,-0.8966227496260958,0.0,0.0,0.0,0.5544571360406996,-2.1626306387467626,6,12,163
2023-06-13,-0.8936518768506533,0.2942427326571891,1.1729897324810046,-1.1937154383444444,-0.5794808982280425,0.0,0.0,0.0,0.7310653171064468,0.6014949668542203,6,13,164
2023-06-14,1.0306398153144882,-0.8523569977826174,1.4394589453099491,0.8479199665994717,-0.6927680583719843,0.0,0.0,0.0,0.6046392351482821,0.8648958802287862,6,14,165
2023-06-15,0.43676590105199053,0.6674365374192214,0.5213038998562035,0.3685734723256113,-0.8381500045351188,0.0,0.0,0.0,-1.03295215665518,-0.6336128478664204,6,15,166
2023-06-16,0.878215915770088,-1.5982161677474707,-0.49997564283377044,1.097805952584227,-2.0613917271597635,0.0,0.0,0.0,-1.113291718672994,0.09242734600253254,6,16,167
2023-06-17,2.037426503700933,-0.026678464208565848,-0.10711099999654235,1.5986902808587342,0.7018902583015558,0.0,0.0,0.0,0.5069301447778654,1.9489568467841447,6,17,168
2023-06-18,-0.2731375346090404,-1.154461662071553,1.2195746268243224,-0.452303617874856,0.9207088449436202,0.0,0.0,0.0,-0.26183882021940824,-0.5457772885297437,6,18,169
2023-06-19,-0.8214435206014098,-0.6036590920090754,-1.1253265401901495,-0.24775803502345217,0.1879439762492501,0.0,0.0,0.0,1.2077147185556079,-1.1067704245237924,6,19,170
2023-06-20,-0.9678944332292639,0.08509989450170487,0.1707451542640482,-1.6482934584781928,0.5400429931061983,0.0,0.0,0.0,-0.654734761876946,1.4697727312852473,6,20,171
2023-06-21,-0.8883968845706711,-0.8091114876314002,-0.7831659903374738,-0.4091569437948415,0.5562785483188719,0.0,0.0,0.0,0.8304149366456269,1.9575059612263526,6,21,172
2023-06-22,-0.09162322685783253,-0.34038287123503236,-0.2547881962988121,-0.6068000226920467,0.07384174926767258,0.0,0.0,0.0,0.570947452672424,-0.02912167337089841,6,22,173
2023-06-23,0.3595066623378891,1.0296280763268508,1.3096350450964018,-0.6804622413362874,-0.18133490915095576,0.0,0.0,0.0,-0.02409033998229238,0.9929147562117854,6,23,174
2023-06-24,0.2899786126132553,-0.5298376529969276,-0.05154795975757586,1.1468300025359128,-0.6844528087576169,0.0,0.0,0.0,-0.9071052207727361,1.3276003174955657,6,24,175
2023-06-25,0.883741697559429,0.8615832839686927,-0.23264112883579907,0.943309345060175,-1.7092623073937177,0.0,0.0,0.0,-0.6459365410575891,-0.785866804122956,6,25,176
2023-06-26,0.0055628331807323775,-1.074370476963659,-1.1253265401901495,0.7309382914345809,0.4561117501466774,0.0,0.0,0.0,0.2656211588349696,-0.5250469955896647,6,26,177
2023-06-27,1.5593258952400848,0.560278100355669,0.643412196244548,-0.007543366598413648,0.7785060183744523,0.0,0.0,0.0,1.269661570314041,1.2154329002138817,6,27,178
2023-06-28,-0.2939208405282592,1.458382674489676,0.5172658573567553,-0.9542257125545184,0.7378118854464345,0.0,0.0,0.0,-0.09854345369279764,1.6760028703290408,6,28,179
2023-06-29,2.7356812293483936,-2.3962034867854145,2.4172595645933423,2.6311646775870714,-0.07712947829006268,0.0,0.0,0.0,-0.11059421001014882,0.5379810668226016,6,29,180
2023-06-30,0.6663859404218158,-0.7465449931624646,-0.6760585231132177,0.7166100740695959,-0.8278436874629851,0.0,0.0,0.0,-0.8448970681958843,-0.9251413942505615,6,30,181
2023-07-01,-0.9329941964209464,0.6068378908618288,-0.016432495777280513,0.7218940842192083,-1.34254213087718,0.0,0.0,0.0,-0.002699795032618062,1.9823264107800254,7,1,182
2023-07-02,-1.1635294533161142,-0.16159206115581215,0.021414586269573883,-0.4627973581592307,1.1409245329633255,0.0,0.0,0.0,-0.44955500945535065,-0.5713586336369034,7,2,183
2023-07-03,0.5119353845091541,0.40399678211664103,1.6839345819957194,0.2583009935811707,1.3562352666169057,0.0,0.0,0.0,-1.0484200354356608,-0.3727526988126395,7,3,184
2023-07-04,-0.24948879612369965,-0.5565250636465566,-0.4100658802487666,-0.22888718530099966,0.643023753501949,0.0,0.0,0.0,0.5265694315928034,0.31431535319617204,7,4,185
2023-07-05,0.761662381532285,0.12370385736264031,0.058516184861004746,0.47178520351008335,0.2120049579958958,0.0,0.0,0.0,1.2906710909498944,1.543296241143776,7,5,186
2023-07-06,0.5019747069380707,-0.11493357046068485,0.4702124081084559,0.19713144485112058,0.19041722495908828,0.0,0.0,0.0,1.2906710909498944,0.8331978243495295,7,6,187
2023-07-07,-0.08701457330540523,1.1886979297841727,-0.05716861633878084,-0.03796523087928515,0.11069484374200686,0.0,0.0,0.0,1.2906710909498944,0.3878699446171409,7,7,188
2023-07-08,-0.9218157240684075,0.28902050260024936,-0.8496317618809984,-0.08447473390766157,-0.6448475777571013,0.0,0.0,0.0,-0.043420799024996695,0.43697860027626706,7,8,189
2023-07-09,-1.6423805768836184,0.37095610835932846,-0.04780382433663044,-1.7449204202053576,-0.9493521895932254,0.0,0.0,0.0,-1.1746249796541508,0.011261124074312527,7,9,190
2023-07-10,-0.4900736446514074,-0.36729496916661775,1.0532346772378718,-1.137012083877229,-0.7142195458904124,0.0,0.0,0.0,-0.18611263851638093,0.533172588039959,7,10,191
2023-07-11,0.9152536870654145,-0.44188966684544756,-1.1253265401901495,-0.5710984878087579,-1.3300369401426506,0.0,0.0,0.0,-0.6578046256727287,-2.5982460120818462,7,11,192
2023-07-12,0.2224612095610646,-0.3876663490254573,-0.12431619414874442,0.5625945673743611,0.7988460393312892,0.0,0.0,0.0,-0.487176954476007,-0.33367682251881436,7,12,193
2023-07-13,-1.3521192642137438,0.42695388136281354,-1.1253265401901495,-1.7968485741441138,0.508178869123217,0.0,0.0,0.0,-0.0402113628931084,0.2118691606882621,7,13,194
2023-07-14,0.17833250042405768,-0.37626603693986715,1.2052257060396023,-1.2706745359459632,1.1736724268897745,0.0,0.0,0.0,-0.15409114870477608,-1.2001810650072606,7,14,195
2023-07-15,0.4071436228131255,0.32384484958655496,-1.1253265401901495,0.3531338139376856,0.6710428757504461,0.0,0.0,0.0,0.3397227843741818,0.35892363081392964,7,15,196
2023-07-16,-0.9617927803019984,2.0827189082778803,-0.9904481292901314,0.31415601484709266,-0.21986391107745046,0.0,0.0,0.0,0.8746910940197496,-0.24023601940178896,7,16,197
2023-07-17,0.1573473849088355,0.8964850314902323,0.18143400450999228,-0.26769884561062907,-0.7603103618982875,0.0,0.0,0.0,-0.49469553002920696,1.747461959323564,7,17,198
2023-07-18,0.054323074702723725,-0.2827277738197291,1.6690011646524883,0.644757143360123,-0.4009836077122059,0.0,0.0,0.0,0.41714260404512093,1.5624225761816344,7,18,199
2023-07-19,-1.2412728206777075,1.2216289209843327,-0.37308016467737415,-1.1979082847754592,-0.23079843996924462,0.0,0.0,0.0,0.19669575396673591,-0.5052706233688511,7,19,200
2023-07-20,0.37744964745568743,-0.36355033075687776,-0.9857884093398595,0.24068778535323193,-0.8507123865211086,0.0,0.0,0.0,0.5070363708083515,-0.1858431084432981,7,20,201
2023-07-21,0.5964031019412271,-1.9691784293831585,2.0641206992118,1.6192293194904714,-0.8676119615447943,0.0,0.0,0.0,0.5815520135529387,-0.10786426820017733,7,21,202
2023-07-22,1.1597218124915212,-0.9545720273628057,-1.1253265401901495,0.8053003615356866,-1.5091419276845555,0.0,0.0,0.0,-2.386073439932752,-0.4909242346459507,7,22,203
2023-07-23,1.1281735324506894,-1.804352758270501,-1.1253265401901495,1.4551487569993016,0.7973470587890327,0.0,0.0,0.0,-0.4612284622212172,0.16491668723285083,7,23,204
2023-07-24,-1.4944200600026323,-0.30783584044180046,0.26005227648332735,-0.6687421631140844,0.9697010873515155,0.0,0.0,0.0,-1.115389879412372,-0.8018883234152944,7,24,205
2023-07-25,-1.0200024267476218,0.0565537791908433,-0.9192594201342138,-1.1663402966209764,0.2787092170874205,0.0,0.0,0.0,0.5212835693429069,-1.1794934886630262,7,25,206
2023-07-26,0.5470577907256088,1.6897326113526836,-1.1253265401901495,0.38011601683516705,-0.7946660278673917,0.0,0.0,0.0,-0.08048889693709459,0.5986585738883434,7,26,207
2023-07-27,0.5457102737911795,0.3604407550368142,0.5959713709649472,0.0459758368400772,-1.021641984353423,0.0,0.0,0.0,-1.3700626804723206,0.6055734759685379,7,27,208
2023-07-28,0.5470711860075633,-0.1774066690528144,0.014425645940213517,-0.1615579985793771,-0.955829589627615,0.0,0.0,0.0,-0.9051708310719683,-0.8485738092315,7,28,209
2023-07-29,2.7356812293483936,0.855390936608377,-0.9969035557601797,2.6183496729293614,-2.289481595199355,0.0,0.0,0.0,-2.7792128182241345,0.8751631738621737,7,29,210
2023-07-30,0.6073034520412052,-2.139597191145595,-1.1253265401901495,0.4540073815798412,0.1848143573503122,0.0,0.0,0.0,1.2566213371769224,-0.6733899658927316,7,30,211
2023-07-31,1.2163640250897525,0.27049596933025366,0.8013981021827378,0.6354324728090803,0.2530743035041575,0.0,0.0,0.0,1.0574175515026643,0.2238801541716107,7,31,212
2023-08-01,1.020528591571508,0.7977275894345882,0.5231707448357856,0.3060367143887733,-0.3023300345454681,0.0,0.0,0.0,0.22775773275296604,0.7990896624981557,8,1,213
2023-08-02,0.6941318329066185,-1.4180230283237976,-0.4149234031896833,1.6041009298742208,-1.0960175615912162,0.0,0.0,0.0,-0.35929867660085324,-0.06695816049870681,8,2,214
2023-08-03,-0.3485115647914117,1.1650298941948551,2.0209073672898543,-0.3520232137497565,-0.9144282703586222,0.0,0.0,0.0,-0.5828906526976149,0.42830995583063247,8,3,215
2023-08-04,0.8101658073800371,0.37183646386726127,-1.1253265401901495,0.30958728440898514,-1.8014817860638503,0.0,0.0,0.0,-1.7429422363398863,-0.5566114888295591,8,4,216
2023-08-05,-0.8420330370056242,-0.37065481482218915,-1.1253265401901495,0.0982622338999479,0.8638032460066594,0.0,0.0,0.0,1.2363942204072123,-0.2321180434822248,8,5,217
2023-08-06,-0.2638944318941728,0.6617129978604319,-1.1253265401901495,0.4939608309090414,-0.0501378179595979,0.0,0.0,0.0,1.2906710909498944,-0.24164388508101303,8,6,218
2023-08-07,-0.531975876149477,2.2750851417044893,-0.34783791823096777,-0.7924357549728901,-0.35669101893763594,0.0,0.0,0.0,-0.2542975481605692,-0.7900188870421485,8,7,219
2023-08-08,0.07984868064260572,0.21755291237575466,0.013848220351042797,-0.07188398778528995,-0.7365640290067033,0.0,0.0,0.0,0.6389867828382274,-0.21214679647266452,8,8,220
2023-08-09,2.4881377866491303,0.282913136583053,-0.5927588976183096,0.5222048720796086,-1.2106557330751733,0.0,0.0,0.0,-0.09525778911837872,-1.603414993023673,8,9,221
2023-08-10,-2.02249983179077,-0.41406750799484904,0.14994232008614145,-1.9027226496562997,-0.9174254021921876,0.0,0.0,0.0,-1.003174619574703,-0.5309777084569064,8,10,222
2023-08-11,0.7317415927521855,-0.7987008343483671,-1.1253265401901495,0.47294381201188196,-1.388673995050058,0.0,0.0,0.0,-0.36110317725189867,-0.32177874289279673,8,11,223
2023-08-12,-1.7479420418930476,0.8563072353730049,1.5165788220282224,-1.8585072076668603,1.9417870033197309,0.0,0.0,0.0,-0.49796163814900457,-0.2926766965199395,8,12,224
2023-08-13,-0.5174884168425415,-0.8048468125307118,-0.39361135752532217,-0.22907311323598392,1.1030920501784185,0.0,0.0,0.0,-1.059971781000325,-0.2777865018348991,8,13,225
2023-08-14,1.1660848761605158,0.10890538686973462,1.107894771245122,0.6786833771866835,0.6746038101746898,0.0,0.0,0.0,-0.2661135504275274,-0.09550839711335976,8,14,226
2023-08-15,0.06087160085451117,-0.43208994008716467,0.13826266492400568,0.4911194256753264,0.764557839591573,0.0,0.0,0.0,0.9342648256203768,0.4533602998101122,8,15,227
2023-08-16,-1.1709203463894458,0.5102151882476083,0.2810064029960158,-1.0123765938046354,0.9054124761821085,0.0,0.0,0.0,0.2042463547993373,0.8540297651225521,8,16,228
2023-08-17,-0.7799901398821161,0.36707458818782435,0.4224810191603559,-0.340638048196466,0.29284929321189357,0.0,0.0,0.0,1.2906710909498944,-0.6918349819421081,8,17,229
2023-08-18,0.7245554600727929,1.0604070731768471,0.26968400941543846,0.07978936272041208,-0.17813173044690744,0.0,0.0,0.0,1.1509069098298277,-1.2531067538313594,8,18,230
2023-08-19,-0.7962370608185432,-0.46396409696748975,0.5138090218885579,-1.732182364964348,-0.03610427901479784,0.0,0.0,0.0,1.2906710909498944,-1.0896684825469016,8,19,231
2023-08-20,0.2250119401507657,-0.2274203837525307,1.3731037622537898,-0.47084614602961605,-0.36072149743893067,0.0,0.0,0.0,-0.27901485886530514,-0.5269709424204568,8,20,232
2023-08-21,0.04069289323283128,-0.9256887373574462,-0.04476039945858447,0.19189061054029302,-1.0345260324368908,0.0,0.0,0.0,0.3358464788502076,-0.3897738750173143,8,21,233
2023-08-22,-0.7112794708122462,-0.3992256088268641,0.5967816946877134,-1.1826064910449057,-0.36514338206574704,0.0,0.0,0.0,1.2906710909498944,-0.8137681802350458,8,22,234
2023-08-23,2.3040045532698805,0.4100591945356181,-0.4031058970963275,1.6573488575855324,-1.8477952596704417,0.0,0.0,0.0,-1.7842252692986609,-1.347338165736104,8,23,235
2023-08-24,0.675286225505073,0.7840589082382363,1.5120129042952568,1.1366368845979673,1.6669155681651946,0.0,0.0,0.0,-1.1724317248053429,-0.49544875462300475,8,24,236
2023-08-25,-2.192786942165982,-0.8699382912927912,-1.1253265401901495,-0.306556828456035,0.6979411973525143,0.0,0.0,0.0,-0.7256630520709898,0.15112578289766004,8,25,237
2023-08-26,0.19264922421563233,0.8949890022657042,1.9637029480510004,-0.3854330592140062,0.9613711914211711,0.0,0.0,0.0,0.28683467220395553,0.5705848673961376,8,26,238
2023-08-27,-0.7222662524716532,1.3737393097552388,-0.34104289196899207,0.029562045916734597,1.236120304592674,0.0,0.0,0.0,-0.09139261162964274,-0.5981853273078893,8,27,239
2023-08-28,0.9109765285260277,0.4456522463633912,-1.1253265401901495,0.46510697994128053,0.5159884917621915,0.0,0.0,0.0,0.5663616821637233,-0.4517151668975551,8,28,240
2023-08-29,-0.8632766980837168,1.8870893815172702,-0.13040668126510224,-1.4729795464417674,0.7371794218932939,0.0,0.0,0.0,1.0496642440991784,-0.9726891836098894,8,29,241
2023-08-30,-0.13221618070619987,-0.7237851070115054,-1.1253265401901495,-0.30381220944848203,0.18652746314257146,0.0,0.0,0.0,0.879919410954347,-0.06475399288985184,8,30,242
2023-08-31,0.5362199954187584,-1.1875962004326563,0.7615725957719238,0.48573214491728345,0.08237268960789136,0.0,0.0,0.0,1.2906710909498944,-0.8933112818013824,8,31,243
2023-09-01,0.9253455327208878,-1.713660485130499,-1.1077474550230557,0.8527768058309679,-0.6098036409595958,0.0,0.0,0.0,-0.4461024465300294,0.5483731073919047,9,1,244
2023-09-02,-1.3031049629344567,1.5120422216502525,-0.8493185768834083,-1.2765549807171022,-0.855860704233851,0.0,0.0,0.0,-0.1322440577900385,-1.8440224039581705,9,2,245
2023-09-03,-0.3692552578811653,0.6829734241722595,-1.1253265401901495,-0.41205516132916703,-1.1618970025095854,0.0,0.0,0.0,-0.7022465619209912,-0.39759137291906466,9,3,246
2023-09-04,-0.520738729578108,-0.016340572331314147,-0.8569834014481948,-0.37345906782397653,-2.17787432190189,0.0,0.0,0.0,-1.9723916487948125,0.27250107171826216,9,4,247
2023-09-05,-0.7131442521959026,0.314185533953059,-1.1253265401901495,-0.314057129689053,0.5511902603570761,0.0,0.0,0.0,0.30040056795783354,0.1535677727186842,9,5,248
2023-09-06,1.8957640760220387,-1.0702158599325797,-1.1253265401901495,2.309805389083619,-0.7714364778942278,0.0,0.0,0.0,-0.07832741137870813,2.567797994974063,9,6,249
2023-09-07,0.42835363937560755,2.4475215635183294,0.6611395017644505,0.016385327145495513,-1.4690745302817412,0.0,0.0,0.0,-0.47845023299099293,0.32188320107480667,9,7,250
2023-09-08,-1.3684549037030784,0.16569655702208558,0.692917885701639,-1.9756409621412274,2.013409355868518,0.0,0.0,0.0,-1.9715797112124342,-1.0511407660351668,9,8,251
2023-09-09,0.9815480589423531,0.14616720453682155,0.24182949817890484,-1.217549696767505,1.9939777395506837,0.0,0.0,0.0,-2.7504002624321817,-0.12968560625114148,9,9,252
2023-09-10,2.2805040562858276,0.7533046770082864,-1.1253265401901495,1.751037578306378,1.0879943447872578,0.0,0.0,0.0,0.9477831699462025,-1.8342660328274678,9,10,253
2023-09-11,1.1051595944011952,0.512214190091989,-0.35049848655000815,-0.46202960080643424,0.8895346889453607,0.0,0.0,0.0,0.9954462733738074,-0.11461064073775121,9,11,254
2023-09-12,-1.6472588214612212,0.2589411799621149,-0.2952816586414751,-1.3294863070051213,0.6784891840243437,0.0,0.0,0.0,-0.5310038416174081,-0.8777210429497292,9,12,255
2023-09-13,-0.5307576204973412,-0.7402203882515133,-1.1253265401901495,-0.9252871896392252,0.11584358145735177,0.0,0.0,0.0,1.2906710909498944,0.8954816937751418,9,13,256
2023-09-14,1.3580337512828953,0.5028162549253479,1.5912301920541998,-0.5946611259178961,0.5882368084821507,0.0,0.0,0.0,0.1517965122988037,-0.5901909358464164,9,14,257
2023-09-15,-0.7717558179435631,1.8922397303600078,0.8075382908587179,-0.8224438003885305,0.8676191640021821,0.0,0.0,0.0,0.2562342878556182,-0.15128888714296604,9,15,258
2023-09-16,0.4702441372026183,1.3636745782868982,-0.5673819048420697,0.2862755122815964,0.2913705039529479,0.0,0.0,0.0,1.154532760498246,-0.677426432888237,9,16,259
2023-09-17,0.8270619510678465,1.6077291704809629,-0.2571153318507788,-0.4779760946694679,0.28147516803752226,0.0,0.0,0.0,0.8042840568824775,1.7306022272894754,9,17,260
2023-09-18,-1.0082515071693188,-0.4651454072122884,-0.029911621333707637,-2.2816657410597565,0.19181570130359285,0.0,0.0,0.0,0.5611147822379732,-0.35866094302870155,9,18,261
2023-09-19,-0.0726653105519113,-0.9363674226212833,-1.1253265401901495,-0.14789450244457075,-0.7388215390568572,0.0,0.0,0.0,-0.41502966139512293,1.825634705978323,9,19,262
2023-09-20,-2.7824395411224803,-0.08549106576540365,-0.6001964378532513,-1.9595109557699424,-1.0396283495681786,0.0,0.0,0.0,-1.0287968299175032,0.7928097353889823,9,20,263
2023-09-21,-1.113369151917167,0.09330139343278145,-1.1253265401901495,-1.7865773021459534,-1.1162587725855022,0.0,0.0,0.0,-1.0871258756708375,0.4560226796262291,9,21,264
2023-09-22,-0.28088194593682186,1.116209905078896,-1.1253265401901495,-0.49005149313368085,-1.5158328636033471,0.0,0.0,0.0,-1.166877826710784,0.34108439956122993,9,22,265
2023-09-23,-1.3543243647250058,-1.6286971300058002,-0.6426622219983426,-0.35501098530156366,0.7889709970903,0.0,0.0,0.0,-0.3007680820965118,0.36650343595922996,9,23,266
2023-09-24,1.7522634987491945,1.5450462494554993,1.9596296043744392,0.9069364390025169,1.135892451606649,0.0,0.0,0.0,0.13716692012164583,-1.9878363361330407,9,24,267
2023-09-25,-1.551016553832236,-0.11722931612788184,0.511455704695984,-0.9066315313304357,1.4807654909475663,0.0,0.0,0.0,0.1686927443133116,-0.31570180101826734,9,25,268
2023-09-26,-0.48309457803350364,-0.3820742845733882,-1.005792012303428,-0.8850431664138693,1.0978821945347295,0.0,0.0,0.0,-0.6771551227858604,0.824254964074306,9,26,269
2023-09-27,0.13255619176867547,-0.9585298938864729,0.42600555351493874,1.1685877676705971,0.6662776600365438,0.0,0.0,0.0,0.5460363392131182,-0.08245919551975969,9,27,270
2023-09-28,1.5461013662482868,-1.591652606897977,1.4609860058380488,1.356010803077053,0.4976164217362849,0.0,0.0,0.0,0.9826070432834206,-1.4579557249975286,9,28,271
2023-09-29,-1.5571869998692167,0.8492493508413713,0.8667141316578926,-1.3421306432730065,0.538247533110309,0.0,0.0,0.0,0.9016358286291845,-0.08601612232402765,9,29,272
2023-09-30,1.2461314453574377,0.11063087277822682,-0.21612468077619887,0.05807829978389051,-0.08820980578006976,0.0,0.0,0.0,1.1048947200856225,1.695364422374044,9,30,273
2023-10-01,0.0025763625161324467,-1.2322236286833945,-1.1006280341715153,0.07073607456018342,-1.3059276703238034,0.0,0.0,0.0,-0.28774759478370016,1.2316768915597671,10,1,274
2023-10-02,-1.0671197227644318,-1.237264826088396,0.5832863901310973,-0.8979749152397901,1.4734636344086842,0.0,0.0,0.0,-0.5146940812319148,-0.09575160210297932,10,2,275
2023-10-03,0.4899653734040431,-0.29234270113038674,0.20180570524763614,0.23670270025561652,1.3429600499068108,0.0,0.0,0.0,-1.5046056278409385,0.9320512578212029,10,3,276
2023-10-04,0.2062454321148083,1.682427926172379,0.8298596186298993,0.6559603341207539,0.715602095396767,0.0,0.0,0.0,0.9061518743192357,-0.404566097803798,10,4,277
2023-10-05,-0.6558570795620886,-0.21729086637627448,0.504356490931053,-1.3201729471352328,0.6079349251089473,0.0,0.0,0.0,1.0825546635788696,-1.7608665258358103,10,5,278
2023-10-06,0.06682772047536652,-1.4422118320896309,1.0230917716851515,-0.6091402107861683,0.9620543794989078,0.0,0.0,0.0,-0.5970459816667252,-0.9704252552683348,10,6,279
2023-10-07,-0.424061648503286,-0.2036500513094166,-0.9607964411420886,0.7456546637094078,0.09800806573164268,0.0,0.0,0.0,1.271726975572201,1.5521481743751016,10,7,280
2023-10-08,0.11397915335295666,-0.23022634054740862,1.3583841403264154,-0.04530030731502186,0.3952824044672413,0.0,0.0,0.0,1.2652672862321621,-0.3107422463380059,10,8,281
2023-10-09,0.7057154124129926,-2.618071097832796,-0.04341038004556563,0.8355535718757898,-0.09900330419345019,0.0,0.0,0.0,0.8913325184849695,-0.2796997469316133,10,9,282
2023-10-10,1.702222241676198,-0.0150700915245763,2.307106048021944,1.723599387781666,0.34967827128232193,0.0,0.0,0.0,1.2906710909498944,-0.33695330401384477,10,10,283
2023-10-11,-1.3435731867698035,-0.18906337586133126,-1.1253265401901495,-1.242742211356983,-0.9185858928998074,0.0,0.0,0.0,1.2906710909498944,1.8982277531101468,10,11,284
2023-10-12,2.2922362182012925,0.724187283685497,1.8823631248007964,2.372161653771258,-0.6191987846816052,0.0,0.0,0.0,-0.29891927299490734,1.6161113369407536,10,12,285
2023-10-13,-2.1139897928089066,1.8596667528661963,-0.04302083650859986,-1.5614310892168783,-0.5903642274708198,0.0,0.0,0.0,-0.6662461738686801,2.217326463789631,10,13,286
2023-10-14,-0.17217698824823396,1.1480984028266275,-1.1062377760864068,-0.8872817018933464,-0.8814501141455838,0.0,0.0,0.0,0.055037119643915895,-0.19416681796868945,10,14,287
2023-10-15,0.6260999471776076,-0.22644891473117457,-0.8965156480827796,1.8772987651527238,-1.7503384588137376,0.0,0.0,0.0,-0.9787413436130745,0.26694058911582513,10,15,288
2023-10-16,0.2946177600640306,-1.0515368232435793,-0.6917928909908863,0.08198157333347054,1.1485995772963693,0.0,0.0,0.0,-0.5130430749923474,-1.570986496154667,10,16,289
2023-10-17,-0.6801069367067993,2.5732175928078425,0.2402126127329256,-0.8631130921156265,1.1791943372941203,0.0,0.0,0.0,0.6042023175308613,1.4649767969522893,10,17,290
2023-10-18,-0.2329424413598321,0.09674257592980244,0.3637303006782896,-0.031077641701639066,0.9688576451705226,0.0,0.0,0.0,-1.0049736128965785,-1.2171839163748073,10,18,291
2023-10-19,-0.5402135883422036,0.05213194650269931,-1.0089478984527336,0.4701122586831736,0.02732957102559588,0.0,0.0,0.0,1.2906710909498944,0.18697523532341756,10,19,292
2023-10-20,-0.6441519446773881,0.014647690411800949,-0.3212597425090141,0.5936355115705,-0.6680862398102196,0.0,0.0,0.0,-0.2488516090830156,-1.145709002413379,10,20,293
2023-10-21,0.9079227455422357,0.2335284357460023,2.3909906657311106,0.4571041637669375,-0.5319564706659534,0.0,0.0,0.0,1.2906710909498944,-0.6300743160723735,10,21,294
2023-10-22,0.37661710104160806,-0.10378629332973206,1.871821907015165,-0.2922866080336805,-0.19044055261175988,0.0,0.0,0.0,1.2906710909498944,-0.8819869754158103,10,22,295
2023-10-23,-0.7558357700629295,-0.5266561794962743,0.2554320395630199,-0.036269250484670335,-0.5174427189154641,0.0,0.0,0.0,-0.13068768576840903,-0.6493518920839803,10,23,296
2023-10-24,0.9618505245087813,-0.5002546719100074,-0.24319791555992346,0.2626109123734316,-0.7532376618509207,0.0,0.0,0.0,-0.339544665933767,-0.5796258610968792,10,24,297
2023-10-25,0.3229932869134531,0.006148772982370202,-0.14051283126449243,1.5096360551732937,-1.6104378756231692,0.0,0.0,0.0,-0.6704288375554138,-0.5889014531843764,10,25,298
2023-10-26,0.8682948763536783,-0.4968719518383199,0.47724953529936825,0.7540380693877551,0.7395409697052203,0.0,0.0,0.0,0.001563383770491925,0.8122634867816126,10,26,299
2023-10-27,0.6706588219006921,-0.6637547323993178,-1.1253265401901495,0.3475286321500422,-0.1557940319761314,0.0,0.0,0.0,0.9181607136741713,-1.1533763143008602,10,27,300
2023-10-28,-0.9026179761812129,0.14324705215965777,-0.6129640661580665,-0.5450484695579205,-0.5030595743838201,0.0,0.0,0.0,0.438544004277273,0.19079441976097786,10,28,301
2023-10-29,-0.6126742855463825,-0.21274586044559185,-1.1253265401901495,-1.2778525376731633,-0.7098795950272188,0.0,0.0,0.0,-1.220367758007992,1.2023346696436552,10,29,302
2023-10-30,0.7975724477355186,1.5198718132874491,0.20898838816289247,-0.7338116796859938,-0.7160205096134754,0.0,0.0,0.0,0.08730761488764524,-0.5533324291706413,10,30,303
2023-10-31,0.649886453824493,-2.5728421799186796,0.519408691471084,2.050768065370193,-1.2150898459892832,0.0,0.0,0.0,-1.1393540930129105,-0.7609536395145824,10,31,304
2023-11-01,-0.03100558543201824,1.113565459656164,-0.8956401521520675,-0.9012095778300345,-2.3188912610295436,0.0,0.0,0.0,-2.6834906720118314,-0.2666583160189032,11,1,305
2023-11-02,0.11808867375057827,1.265827939113034,1.6795950858053539,-1.1240233645852447,2.2640606599866335,0.0,0.0,0.0,-1.0536319363788273,1.1635593679508158,11,2,306
2023-11-03,1.3696327800441892,-2.0039157831422965,-1.1253265401901495,1.857624639198274,1.4576648640201284,0.0,0.0,0.0,-1.6922102363208134,0.16398634527586223,11,3,307
2023-11-04,-0.6465320255667952,-0.2991421781611152,-1.1253265401901495,0.44553456806421926,0.6964986366011008,0.0,0.0,0.0,0.8965628940497813,-0.5716054767090012,11,4,308
2023-11-05,0.5816400991764703,-0.3274646744309846,-0.00979591991709081,0.910215898485212,0.013577427536599698,0.0,0.0,0.0,1.0145510178598598,0.4578582303486174,11,5,309
2023-11-06,-0.2265467562648634,-1.3480133016653288,1.0200192593593063,0.9412534149355384,-0.0034180562642942844,0.0,0.0,0.0,0.9881327454054697,-1.1507692731130523,11,6,310
2023-11-07,-0.2432527614158924,-0.7277522564891027,1.8172226559048235,-0.4692405089380793,0.3178287393323443,0.0,0.0,0.0,1.2906710909498944,0.6581372666368841,11,7,311
2023-11-08,1.1766835092519508,-1.0555260846431347,-0.8652178816526103,0.08449641698441454,-0.30980892304028523,0.0,0.0,0.0,0.9501208118801111,0.38152314166113455,11,8,312
2023-11-09,0.8818359129771903,1.7644296260227919,1.0595552815365468,0.9094329515667681,-0.8685827724872414,0.0,0.0,0.0,0.25898886011073746,-0.3450364306950056,11,9,313
2023-11-10,0.8689932906328923,0.9600715910149328,-0.3389780187183588,-0.05719324575406944,-1.4460593849022565,0.0,0.0,0.0,-0.3451971963770262,-0.8833290804877784,11,10,314
2023-11-11,1.399632962291664,1.2909162567338355,-0.5068722601593323,0.21085047752491343,0.7557864175767207,0.0,0.0,0.0,0.015413416888213405,-0.9321051873784066,11,11,315
2023-11-12,0.014193764221772206,0.7492714610120679,0.815421886678305,0.5964474335342387,0.45014655428573813,0.0,0.0,0.0,0.28646648558205945,0.5095201891119003,11,12,316
2023-11-13,0.7270958111623047,-1.0737252078495405,0.5258267573229787,1.1478313855360238,0.1515390011858745,0.0,0.0,0.0,0.4141453173781794,1.2135120720859522,11,13,317
2023-11-14,-0.3431158636574291,-0.4782506704138801,-1.1253265401901495,0.20341125534958354,-0.4155688804921421,0.0,0.0,0.0,-0.016236140727664716,-0.6792011155790334,11,14,318
2023-11-15,0.3411859105842374,0.5204541919257841,1.557608548696386,1.4469499679542315,-0.24348555276362746,0.0,0.0,0.0,1.2906710909498944,0.43200736831963393,11,15,319
2023-11-16,-0.1488338073592587,-1.1654067993431547,1.4368706113221308,-0.18285251022724264,0.11663220470021157,0.0,0.0,0.0,1.2906710909498944,-2.149447088797629,11,16,320
2023-11-17,0.09615913472216064,0.7407277737518599,-1.073871281986453,0.3797625213249389,-1.061934893565748,0.0,0.0,0.0,-1.3632719060738785,-0.625765056668752,11,17,321
2023-11-18,0.633477399863439,-0.1983135517457142,0.2047076370745085,0.4501768725940541,-1.3114865767698993,0.0,0.0,0.0,-1.723317469589883,-0.06436837156998729,11,18,322
2023-11-19,-0.8909967485875909,-0.3307939783909504,0.3276709026699121,-0.31801309659674054,1.0361093780441373,0.0,0.0,0.0,0.15070008634871646,-0.9554333764060436,11,19,323
2023-11-20,2.2483951934445994,0.7387198516037254,0.035547872147282,2.138184531654844,-0.03480180661870724,0.0,0.0,0.0,1.2906710909498944,-0.9826361228135447,11,20,324
2023-11-21,-1.0935549252979413,0.4760187897113564,-0.9796614768732514,-0.5604748623107064,-0.8155390670012362,0.0,0.0,0.0,0.3247061841694826,-0.7101043780274645,11,21,325
2023-11-22,-1.318089144709372,-0.3171469040723505,-1.1253265401901495,-0.40819533571833727,-1.5186341455847177,0.0,0.0,0.0,-1.3009045020715237,0.26346023809990565,11,22,326
2023-11-23,1.2406813927371152,1.1803723014956102,-0.322761288346498,1.045079625409036,0.6382622334520291,0.0,0.0,0.0,0.3365416088972929,-0.2228510988801627,11,23,327
2023-11-24,0.8454291024085584,-1.0264557172904925,1.1772878084806597,0.582147130943951,0.5882435304289642,0.0,0.0,0.0,0.7259456843753105,-2.302792217188434,11,24,328
2023-11-25,0.6647167683730391,0.6451191259115023,0.38972417438898727,-0.42691558272810765,0.6748062273269342,0.0,0.0,0.0,0.42697208682709775,-2.183597003673174,11,25,329
2023-11-26,0.6692746147980801,0.6226268764869445,-0.7547187591789118,-0.5555328243246727,0.1495746750995329,0.0,0.0,0.0,-0.3666158499999961,-0.6483275074145838,11,26,330
2023-11-27,-0.021670465052128652,-0.2664975374047618,0.6752652420883015,-1.307652112160319,-0.39332508502109986,0.0,0.0,0.0,0.42921435044623857,0.43129733779696755,11,27,331
2023-11-28,-0.9762427616372834,0.3596583043269876,-1.1253265401901495,0.6015420386945073,-0.5527806370011822,0.0,0.0,0.0,-0.24303857910953797,-2.6063671539689888,11,28,332
2023-11-29,0.0733020091030193,-1.193958307989691,1.1472897594834948,-0.344845401807767,-0.4425014382988969,0.0,0.0,0.0,0.6342490006260265,-0.5396755718730194,11,29,333
2023-11-30,-0.7388500474778109,0.9485947755783858,-1.1253265401901495,-0.9938889796159198,-0.932129045919039,0.0,0.0,0.0,1.2906710909498944,-0.5665687183886144,11,30,334
2023-12-01,1.0433065079205839,-0.1437206300146676,-0.7444870473140267,0.4626519706570499,-1.9182529773756736,0.0,0.0,0.0,-1.4789959021371795,1.375125701375194,12,1,335
2023-12-02,-0.16707765986714626,-0.47648035062195765,-1.1253265401901495,0.2127751546136592,0.8868321296256446,0.0,0.0,0.0,-0.17175391433218962,-0.42334304169456244,12,2,336
2023-12-03,-0.898845221606205,1.0717045243223828,-1.1253265401901495,-0.43450366175941935,0.39800209499417943,0.0,0.0,0.0,1.2906710909498944,0.3555420866304501,12,3,337
2023-12-04,-0.35510894775922913,-0.655380016872302,1.1623882139454875,0.5307005916387667,0.5256236113370549,0.0,0.0,0.0,0.9282338623095263,0.11038753969891699,12,4,338
2023-12-05,0.4369282603673569,-1.3489486765732142,-0.8762552071858959,0.28886205246365954,-0.2433213670827343,0.0,0.0,0.0,1.1066293348741154,-2.1936030290325155,12,5,339
2023-12-06,-0.6164963306592717,-1.4948967328684895,0.14299275632705502,-0.040619692743995475,-0.48907834679185425,0.0,0.0,0.0,0.8616413258655204,0.7462146570745304,12,6,340
2023-12-07,-0.895310852323225,0.635342174457255,-0.3495085662811674,-0.6433044002742573,-1.139664683653599,0.0,0.0,0.0,0.8732466534222362,0.18557665081020333,12,7,341
2023-12-08,0.2543808271404266,-1.2228348811321594,0.3064030796317707,0.35733324866558974,-1.3950003276571845,0.0,0.0,0.0,-1.7180429137440092,0.4825955871281997,12,8,342
2023-12-09,0.2557607489054536,1.7669155544480133,-0.1946037847800232,0.5873427115164267,0.9676297626957943,0.0,0.0,0.0,0.2492368644843426,2.567797994974063,12,9,343
2023-12-10,-0.5552517380222168,-2.0123270264354383,-1.1253265401901495,0.6212522076090511,0.08615703106099905,0.0,0.0,0.0,0.6233746327592405,-2.146491748993887,12,10,344
2023-12-11,-0.5165246197113244,1.7094517459600982,0.9563867830000636,-0.4684420576099211,-0.27188843596113765,0.0,0.0,0.0,1.1567302073422419,1.7162471075354175,12,11,345
2023-12-12,0.24182882248709742,0.24626738701509768,-0.9088721675091282,0.46174803925789665,-1.0179407960708706,0.0,0.0,0.0,-0.9975119797331736,-0.3243871864644435,12,12,346
2023-12-13,-1.570369897167485,-0.05685283539128828,-1.1253265401901495,-0.22595355014419727,-1.7160815420984994,0.0,0.0,0.0,-1.7136556160379106,0.258527546869272,12,13,347
2023-12-14,-1.526556411153695,-0.49834387998134627,-0.8267001358082967,-0.7186894390429625,0.98250070968021,0.0,0.0,0.0,-0.3046199650167257,-0.07902632971199139,12,14,348
2023-12-15,-0.7833775071202207,0.43156767902540794,1.5879272194311311,-1.5724027815546224,1.1455166219978652,0.0,0.0,0.0,0.32552400491751066,-0.4631128052135096,12,15,349
2023-12-16,-0.23868589861708076,0.001340473393601853,0.7735628842629664,0.06608238013576308,0.9541700685041454,0.0,0.0,0.0,0.5771158720929875,-0.6107709149429841,12,16,350
2023-12-17,0.32688493659101586,1.1251837790190682,-0.7272257777126557,-0.6767896499726105,0.8737284348368889,0.0,0.0,0.0,-0.7959954697865808,0.30130460594873903,12,17,351
2023-12-18,1.58286333167556,0.15092765376183212,-0.7279838494945295,0.5295943792023206,-0.10158157940350256,0.0,0.0,0.0,1.070016101558496,-1.5715251639658194,12,18,352
2023-12-19,0.916613621511228,0.18646131157360726,-0.6934049288927864,0.8540864694828727,-0.692372047118674,0.0,0.0,0.0,-0.3574896496109497,0.7283370108792714,12,19,353
2023-12-20,-0.18097131172760103,-0.3197533079406243,2.308967661053072,0.7804721073467126,0.00654779507871981,0.0,0.0,0.0,0.3269422391372407,-0.4549570103332985,12,20,354
2023-12-21,-0.02897200142053117,-0.017681135624959148,0.1873471294809183,-0.051954228546861575,-0.4710929452942614,0.0,0.0,0.0,0.31968403821312463,-1.178939761962315,12,21,355
2023-12-22,-1.0897927380901629,0.34160168606956254,0.24756800290216432,-0.6466572118084898,-0.6522961558462566,0.0,0.0,0.0,-0.019316689972420448,-0.4892543018719033,12,22,356
2023-12-23,-0.028429386295530937,-1.6461356587880729,0.9989698941204934,1.6462198662906455,-0.7167600349846047,0.0,0.0,0.0,1.2906710909498944,1.2420796297438255,12,23,357
2023-12-24,-0.3198092722292606,-1.2895758431491975,0.00815202142725183,0.351223544707343,-1.2002412055035228,0.0,0.0,0.0,-0.34092432753390234,-0.5757846157768539,12,24,358
2023-12-25,0.33962431689841416,0.7705400036096256,-0.6150491280207033,1.6556879994862617,-2.289949937264773,0.0,0.0,0.0,-2.7792128182241345,0.3306593217038655,12,25,359
2023-12-26,-0.9007152469356535,0.20671690743699866,-0.5365689058915898,-0.307813464640463,0.5509003555558637,0.0,0.0,0.0,0.16591689283215286,-0.7741756219536463,12,26,360
2023-12-27,0.5517079168796676,-0.14281559519960121,-0.3804046315320568,-0.8510206700073792,0.820846841620305,0.0,0.0,0.0,0.8511642043523913,0.7357836589618573,12,27,361
2023-12-28,1.644756508683109,0.05656910004169442,-0.33736787112305766,1.4688755109339144,0.035101843632579524,0.0,0.0,0.0,1.2906710909498944,0.6623442301112166,12,28,362
2023-12-29,-0.12577013012715874,0.3807856476579878,0.6200980493680183,-0.005994082379599764,-0.13877114140944147,0.0,0.0,0.0,-0.12053801876230655,1.8419137744879752,12,29,363
2023-12-30,0.4248266179323776,-0.4932617706558733,-0.2257443637600318,1.2552414337254356,-1.3958891930811481,0.0,0.0,0.0,-2.2370148559859424,-0.210919443279282,12,30,364
2023-12-31,0.7359306744810423,-0.7282329826177538,0.6263703955526138,1.1138205047276828,0.6945678037526563,0.0,0.0,0.0,1.2906710909498944,0.6452526739156405,12,31,365
