Date,Temperature,Humidity,Rainfall,ET,Soil_Moisture_Smart,Soil_Moisture_Trad,Irrigation_Smart,Irrigation_Trad,Crop_Health_Smart,Crop_Health_Trad
2023-01-01,27.483570765056164,55.987795281141636,2.587535765293045,5.616607808845568,50.0,50.0,0.0,20.0,97.85377789850669,100.0
2023-01-02,24.308678494144075,62.24092481810417,0.0,4.828324648239697,44.89476338379275,62.72307887918157,0.0,20.0,95.28491142454273,76.57391802184581
2023-01-03,28.23844269050346,60.12592400781795,3.2247582671434154,3.6431916531776873,44.05828348318643,80.6036045847287,0.0,20.0,83.0968034653609,56.76773855351912
2023-01-04,32.61514928204013,60.97676098548832,0.0,7.390519481836091,35.50671710174089,94.39024191173382,0.0,20.0,80.57093898302105,20.235898437314873
2023-01-05,23.829233126383322,52.26990216144534,5.0874669119769305,5.49883999310239,62.928435927577354,100.0,24.49328289825911,20.0,90.72889422506825,25.016877532985806
2023-01-06,23.8293152152541,60.245101742589426,3.417792447239129,5.751618065781,58.2028441849651,100.0,0.0,20.0,80.8798636995883,26.639105864215427
2023-01-07,32.896064077536955,64.97998291245449,2.768089202941627,3.433958291690978,59.93023806950705,100.0,0.0,20.0,86.05317373379141,29.62135069768915
2023-01-08,28.837173645764544,74.51143607795042,4.948072951836542,7.130237630036115,57.48003905796164,100.0,0.0,20.0,85.4700305240745,19.930520238537312
2023-01-09,22.65262807032524,69.59270826085206,6.99642333338773,3.911300572867271,58.99536519231762,100.0,0.0,20.0,88.63638824248875,25.428435807016797
2023-01-10,27.712800217929825,81.53182457511556,5.043110195054391,5.5741516315677035,58.222427458588754,100.0,0.0,20.0,87.76209769919564,20.37287686970206
2023-01-11,22.682911535937688,52.326524371119504,0.0,3.8803501615060316,52.56709294147852,100.0,0.0,20.0,92.94192604256067,26.276918778371584
2023-01-12,22.671351232148716,68.72320636720679,0.0,4.710883833131974,49.30097182400209,100.0,0.0,20.0,100.0,20.52326838818488
2023-01-13,26.20981135783017,61.83342005738352,0.1255442669129635,4.0968757055232015,48.783568087858654,100.0,0.0,20.0,100.0,22.959495804198898
2023-01-14,15.43359877671101,81.89802933217672,2.0782731506325014,1.3680493280375607,49.943161361957365,100.0,0.0,20.0,98.96022308429954,20.020923026048855
2023-01-15,16.375410837434835,51.91701714644849,3.5529770614073692,5.593262664031329,45.06614429346734,100.0,0.0,20.0,96.19800615094192,28.255681209118286
2023-01-16,22.188562353795138,51.60278157819224,0.0,4.666890991086069,37.34794067324108,100.0,0.0,20.0,74.55554622050579,29.29225558328333
2023-01-17,19.93584439832788,54.00607354555978,2.560300293431235,4.50429807556731,56.95228592607903,100.0,22.652059326758923,20.0,84.7893892267914,23.826897150212933
2023-01-18,26.571236662976368,38.76104275690193,0.0,7.2462629254389315,48.57752780332532,100.0,0.0,20.0,100.0,25.191189974800142
2023-01-19,20.459879622393945,54.74244978319239,0.16544659102415527,4.850535323291774,46.976658976193455,100.0,0.0,20.0,100.0,17.75704292683228
2023-01-20,17.938481493323543,52.40867338446302,0.0,4.117681534585134,46.98198459488112,100.0,0.0,20.0,97.25104363624999,23.501616759966065
2023-01-21,32.32824384460777,61.50393786476208,0.0,6.755412878149675,42.27469676835437,100.0,0.0,20.0,86.84675499991577,24.748976914791275
2023-01-22,23.871118497567323,63.41755975777159,0.0,7.006761296863161,36.82465762382448,100.0,0.0,20.0,80.2334434628535,38.103965455149876
2023-01-23,25.33764102343962,78.76170839215887,0.0,4.071823988046395,54.291778245108986,100.0,23.17534237617552,20.0,87.31029396248793,19.440164871129184
2023-01-24,17.876259068932715,69.5042383818605,5.160925389823518,3.3011389414084853,55.811195448474166,100.0,0.0,20.0,94.30578345906558,32.320886193762185
2023-01-25,22.278086377374088,54.23096344337597,0.0,5.794723499313631,51.40924684407396,100.0,0.0,20.0,100.0,29.98429386732904
2023-01-26,25.55461294854933,51.01585328651642,9.897146194512173,6.66565585834203,54.8175509528278,100.0,0.0,20.0,90.51322190659289,26.403182022450682
2023-01-27,19.245032112888484,64.91919171506505,3.4799537026426677,4.790077142384824,51.22404928481863,100.0,0.0,20.0,95.81371533397456,33.79310242097567
2023-01-28,26.87849009172836,46.797667929793576,2.554508371084622,6.674544843885178,45.670368170812466,100.0,0.0,20.0,94.83494340447893,26.860527363034315
2023-01-29,21.996806550405974,78.31458765854353,0.0,2.3406270144235353,43.164379784703534,100.0,0.0,20.0,87.56297099685233,26.945795978339643
2023-01-30,23.541531251033618,71.79440120721287,4.100929638226973,5.752017722147176,44.54019118726759,100.0,0.0,20.0,91.47962370777226,24.734396734912274
2023-01-31,21.991466938853016,55.30824347895295,0.2730865212866782,3.486535820804267,39.27836823909159,100.0,0.0,20.0,94.41616130446995,31.117844412093138
2023-02-01,34.26139092254469,42.86865470909122,2.3660294439360845,8.01148091429341,56.796615920693384,100.0,20.72163176090841,20.0,88.56994761522995,30.482346169054416
2023-02-02,24.93251387631033,73.53872374165414,9.680253614806384,3.555290738160001,62.46861059964011,100.0,0.0,20.0,79.50538334043372,21.871613562518938
2023-02-03,19.7114453552205,58.85460154747382,1.7118203008260504,3.9354206470774162,59.50059670124664,100.0,0.0,20.0,82.51139591995424,18.40376402700616
2023-02-04,29.112724560515947,72.37816311973462,5.447819978857027,5.532399166419939,63.18519012555296,100.0,0.0,20.0,83.94317466917025,23.985096813021716
2023-02-05,18.895781750144888,44.05572341205633,0.0,4.897727394876435,57.309763887103976,100.0,0.0,20.0,88.12923330325351,20.999807178011768
2023-02-06,26.044317975023777,54.00624977046227,1.8950345285091148,5.930471860716927,53.55609904871857,100.0,0.0,20.0,91.41898623531502,24.682377126923225
2023-02-07,15.201649380601122,60.05243699718183,7.31240190690653,4.65141929531978,56.863417088674886,100.0,0.0,20.0,96.31139452835272,31.187190673420695
2023-02-08,18.359069755507846,60.46980593764742,0.1190988266366978,4.101857955733178,51.948584955841916,100.0,0.0,20.0,100.0,22.71349172456605
2023-02-09,25.984306179345616,55.49934528520756,7.437345673990786,5.1777373363180965,55.235393506654034,100.0,0.0,20.0,89.14479191132541,24.785883093442127
2023-02-10,28.692332899977053,66.22849932347499,4.123255806366426,6.391128782110019,50.62768685948987,100.0,0.0,20.0,89.72576995396211,25.290113674041976
2023-02-11,25.85684140594985,49.32379570617405,0.3125996723171971,6.894648984805908,43.99060773689989,100.0,0.0,20.0,96.02348005453443,29.242154411026423
2023-02-12,24.421758588058797,58.576205149787064,3.8972232171665624,3.7279336449854137,47.482415738176776,100.0,0.0,20.0,92.80047447846515,13.765553330076974
2023-02-13,23.494481522053555,61.20295631711899,4.917663348880189,5.2361485584046195,45.959506407928785,100.0,0.0,20.0,97.89238760770702,21.966498526173517
2023-02-14,17.607390048162863,65.1443883405875,3.8654298866515893,3.9654313349140957,43.8627340812897,100.0,0.0,20.0,80.94358203337536,26.056418461397364
2023-02-15,21.400778958026457,67.11614878088889,0.0,3.6267848492008543,41.76810978885823,100.0,0.0,20.0,92.11515137478389,31.000394782134308
2023-02-16,22.696806145201062,48.75357908162131,0.0,6.477389088270766,35.09041254762756,100.0,0.0,20.0,71.57975917503744,22.540487762468974
2023-02-17,30.28561113109458,44.65885829264378,1.2574440933454858,6.6741237245541996,52.82735519527816,100.0,24.909587452372442,20.0,99.41278780241538,15.61723646979063
2023-02-18,26.71809144784231,72.7767682189851,1.7766997126998612,4.83035633209075,49.320740792084216,100.0,0.0,20.0,99.05247652730849,28.098557229830682
2023-02-19,16.18479922318633,63.323140119795916,3.862016292652034,2.897731014363601,52.11219532283915,100.0,0.0,20.0,92.06200991875805,21.823188055871853
2023-02-20,26.620419846973974,52.51513463443446,2.5331030027997614,5.713906285254539,51.91676917830342,100.0,0.0,20.0,95.08966466791097,19.051666704548193
2023-02-21,23.074588597918417,75.51151975522522,0.0,2.7430666449272207,49.13096794467933,100.0,0.0,20.0,100.0,21.87827305143388
2023-02-22,21.615389998470206,61.156746342928585,3.1405935530178897,2.8251897999533173,44.597891177198015,100.0,0.0,20.0,92.4263090313732,24.07737321172075
2023-02-23,28.05838144420434,71.79297184063826,3.8317572358514695,6.616532760033927,43.28680344720043,100.0,0.0,20.0,92.85227007316306,21.976276677308938
2023-02-24,30.154997612479754,60.67518481410109,3.6793713437931195,5.150278933472569,41.94987729197072,100.0,0.0,20.0,97.8070188605335,13.972169714504654
2023-02-25,29.656400595580994,80.60747924881987,5.242342176663866,3.909513807218898,40.1576139476426,100.0,0.0,20.0,77.41521286290865,29.485330984435663
2023-02-26,20.803912383886807,77.55340842443205,4.501766463646712,1.1297219419520443,45.11818782858092,100.0,0.0,20.0,100.0,31.374375206393612
2023-02-27,23.453938120743928,57.51035851520926,3.37754023768531,4.17630795069882,44.90653597990067,100.0,0.0,20.0,92.88158365746706,28.25760995669753
2023-02-28,26.65631715701782,69.71570950954356,1.789502865624059,3.5223881625188884,44.106510647872895,100.0,0.0,20.0,86.66584573019371,19.311571647875915
2023-03-01,29.877725635611796,66.45375949585147,0.0,7.294872312466154,33.58137470359572,100.0,0.0,20.0,68.72049392669864,23.99254233026241
2023-03-02,22.60412881077355,73.68631557532349,3.2888546573977577,4.846327072731169,56.97334443107049,100.0,26.41862529640428,20.0,88.59438139950909,24.96739342385271
2023-03-03,24.071705116680914,50.35076539419896,2.6230630614893333,4.608652408448511,55.388893478573195,100.0,0.0,20.0,96.5249103417625,27.993971947809552
2023-03-04,19.46832512996986,66.8605145999844,2.8147365115861205,5.8030751013390605,50.36891125086346,100.0,0.0,20.0,98.80888752181713,28.341702443590403
2023-03-05,19.018966879596647,70.58424486849587,0.0,4.25634661948613,46.97019763203848,100.0,0.0,20.0,100.0,21.32913100610752
2023-03-06,29.062629111970992,42.41260513576886,0.0,6.367064182097132,40.9560165604958,100.0,0.0,20.0,79.17814639048589,25.409977782067802
2023-03-07,31.781200142854114,48.16741487334225,5.15945855999871,4.448463570030137,40.011831109166934,100.0,0.0,20.0,84.95730192452012,27.286402023076207
2023-03-08,24.63994939209833,39.607678222398995,1.8813345384300348,8.238548539890457,31.510339083735293,100.0,0.0,20.0,66.00354140353734,32.279111610733835
2023-03-09,30.01766448946012,57.305931655554424,4.044502092117873,4.748663848350707,60.16895785208249,100.0,28.489660916264707,20.0,86.5647226350011,28.522532699123616
2023-03-10,26.80818012523817,67.17542255795962,2.084955128391378,3.357466150192761,54.17058195919743,100.0,0.0,20.0,98.17856401169036,28.945283436877595
2023-03-11,21.77440122697438,75.02357052096028,2.08926841848723,4.626272151356502,52.87188674833855,100.0,0.0,20.0,93.58836090908692,25.419133139646803
2023-03-12,26.80697802754207,60.74094780419775,4.8148514179279935,7.764100621637799,49.96422495997955,100.0,0.0,20.0,86.92526815683365,32.05229572601752
2023-03-13,32.690182832329846,76.28615545571292,0.4518658153478783,7.108001612190842,42.94229628092691,100.0,0.0,20.0,90.40818515537283,27.048813979797487
2023-03-14,24.820869804450243,46.198985417851084,2.28836233082295,6.218133810049855,37.72059644345093,100.0,0.0,20.0,83.76458742384395,20.694560449132148
2023-03-15,32.82321827907003,42.96617560644845,0.6131741338848717,8.01108921715687,51.63659787236393,100.0,22.27940355654907,20.0,99.56657696626259,32.01684985062595
2023-03-16,11.901274479551278,59.44452301103381,0.6965113177030533,3.2614443041388728,49.31700551791771,100.0,0.0,20.0,100.0,28.489516362695138
2023-03-17,29.10951252187612,63.840654489393074,1.0724836295940818,6.388798369692336,44.64684932405151,100.0,0.0,20.0,86.61500558783202,22.784779894357587
2023-03-18,25.435235341190857,59.67305251905907,2.666401314901138,5.384585866254594,41.34504223486696,100.0,0.0,20.0,90.41864387955269,22.602535163003783
2023-03-19,23.50496324767066,39.325578999601234,0.5637541350095687,5.838914803505946,37.8361011206649,100.0,0.0,20.0,87.71668924338722,26.48287772570381
2023-03-20,25.45880388267751,59.10879960487212,5.767268376720562,5.073727668392374,60.332580881146924,100.0,22.1638988793351,20.0,75.60819075824703,27.31592397633792
2023-03-21,15.062155426995536,46.95530499495147,0.0,2.910701246784858,58.019385451093434,100.0,0.0,20.0,89.56918095295472,25.986461328156032
2023-03-22,23.90164056081244,66.69672548830039,1.4393850675159228,4.1648167608806945,54.44123856531757,100.0,0.0,20.0,90.8172429969853,26.556543367214427
2023-03-23,26.78556285755873,63.665982460968486,0.6808068251774753,3.480856634267936,51.86772957730264,100.0,0.0,20.0,96.79079226853781,33.4997868728819
2023-03-24,32.38947022370758,50.60120213672645,6.340933653061199,6.849494311110444,53.1976267884038,100.0,0.0,20.0,96.94194223508597,30.35771576117443
2023-03-25,22.40864890863176,54.861330826633065,2.589664329534724,3.750072133243782,55.78381453712983,100.0,0.0,20.0,88.8881353737375,25.95317795632512
2023-03-26,20.95753198553406,49.40786478111048,5.095533618405905,3.617523840835516,56.367180523382714,100.0,0.0,20.0,87.07068881911788,29.706552903837416
2023-03-27,22.491214782077318,59.37320902726828,0.0,4.709476656205528,51.793414888232,100.0,0.0,20.0,97.48063975509213,19.837380482362303
2023-03-28,29.57701058851037,69.55142320501238,2.8011507976077765,6.829833243796054,48.73419807663267,100.0,0.0,20.0,92.665067420635,26.989635249734043
2023-03-29,26.643755548298422,50.14273953664456,4.668892386870311,6.739930738829769,45.37606006003829,100.0,0.0,20.0,87.63496444563151,34.04653174866555
2023-03-30,22.351198981164806,65.04046515517844,2.2468519678262724,2.6477159348508623,44.30564542880062,100.0,0.0,20.0,94.85533455798344,23.90977052303813
2023-03-31,27.56633716556678,54.697423816275595,5.196441125196054,4.788768105729238,42.80307328956872,100.0,0.0,20.0,83.46063975855981,20.761830356904575
2023-04-01,25.4853877467402,52.07127167737656,0.4481346496988835,6.434285153467428,40.94197262428647,100.0,0.0,20.0,89.74452144097576,21.7395555570347
2023-04-02,29.843224952664446,58.929696400454425,6.22804232055674,5.039672776971858,42.17878108121687,100.0,0.0,20.0,90.58112808609506,19.55183481328806
2023-04-03,21.489734530613237,49.64757677580626,8.896694370857752,4.590934917335311,46.32525775224788,100.0,0.0,20.0,85.85885298441885,21.076190459361484
2023-04-04,23.361689267011158,54.46350694652818,0.9114843186810229,5.4992146051003745,39.612740409534766,100.0,0.0,20.0,81.03128735262388,23.147459507049856
2023-04-05,23.039459234339212,48.021221074111516,0.6634924357976846,4.238486338298632,56.050717567489954,100.0,20.387259590465234,20.0,96.89447066400193,17.97216490410679
2023-04-06,17.682425259339407,79.6472513291639,6.360153431353103,2.6594979915556465,62.126145110416914,100.0,0.0,20.0,76.90495467867623,25.078091669748016
2023-04-07,26.48060138532288,60.35263551971729,6.738716437192137,3.9444630061605066,66.0796648878757,100.0,0.0,20.0,73.55848135663953,29.511385868933235
2023-04-08,26.305276360899448,53.00274492007414,0.4314199185401951,5.009550382224969,61.890303027345595,100.0,0.0,20.0,84.47484992524109,20.4612190992654
2023-04-09,25.025567283212304,62.13979910734222,0.7394395487124275,5.217905435417887,58.088804827563514,100.0,0.0,20.0,91.7837453050677,32.59641961820884
2023-04-10,23.827064333124262,58.87671950309171,1.1546461734184779,3.2285831579385977,56.35178979558262,100.0,0.0,20.0,89.2146208764036,27.553960442637973
2023-04-11,17.92314628974793,57.790304004667775,0.0,4.135588795676596,50.20311586934674,100.0,0.0,20.0,96.70777522252168,30.152902928120287
2023-04-12,22.896773386173205,66.14166700043425,0.0,4.252633528286247,48.584712475740226,100.0,0.0,20.0,100.0,21.710827230739316
2023-04-13,23.286427417366152,67.57507710047305,0.0,4.831021582866725,39.509981094856315,100.0,0.0,20.0,92.95946996127238,29.272626135333077
2023-04-14,20.988613653891907,54.69498852389472,0.0,4.686887438648307,57.90710165447391,100.0,20.490018905143685,20.0,93.0336377721981,19.540330498023437
2023-04-15,24.193571441669953,54.2418175935532,1.8959453378396567,6.4907638386301745,51.31367868909357,100.0,0.0,20.0,98.45607267918476,29.451237504182544
2023-04-16,27.020254284072692,57.24948302848356,2.7026441976095605,5.666801208038268,50.03076173167397,100.0,0.0,20.0,95.91252879428441,25.859196698967658
2023-04-17,34.43092950605265,36.980788352644154,6.65150147844223,7.607740942453069,48.59665806932374,100.0,0.0,20.0,93.74276507120278,27.766256099923922
2023-04-18,25.872889064159196,44.84808937801448,0.0,6.054470846963399,41.7586709242727,100.0,0.0,20.0,90.25057691273783,19.12202697187574
2023-04-19,26.28775195361382,73.66874267444524,4.952967195429752,5.117411286036891,44.82497821260444,100.0,0.0,20.0,94.32945842335009,20.524650788616977
2023-04-20,24.627770421169163,76.44967713501283,1.358033467323473,4.151930297808895,44.46539842377001,100.0,0.0,20.0,98.70609060038717,27.986141091266923
2023-04-21,15.406143923504793,57.50963960443622,1.8516088710427012,3.24633849568303,45.067290595425604,100.0,0.0,20.0,95.85318635581909,20.258259978878996
2023-04-22,24.867430622753915,65.76556963055766,4.02445847649981,3.9832159552161444,45.915993297382485,100.0,0.0,20.0,86.35858843727463,27.316031460495616
2023-04-23,25.301151049705133,63.112501545435364,0.0,4.24170421511831,39.86688536080392,100.0,0.0,20.0,90.06006612982048,18.16431096769877
2023-04-24,37.316210562426434,90.78880808455237,3.1472292385521516,4.521196436457975,56.26795321977457,100.0,20.13311463919608,20.0,85.60776703376608,29.24087106333334
2023-04-25,24.038195176094387,71.19574911434577,2.499356624639168,5.997428322688528,51.840646927128425,100.0,0.0,20.0,95.31917324954561,18.837383426157455
2023-04-26,26.507736711668063,58.72082408519233,3.4773537920244464,4.12164290268271,51.76293355956245,100.0,0.0,20.0,98.60660069191479,27.761499688397617
2023-04-27,24.826441151473784,50.44459559399574,2.8675059317234544,4.750153252799063,51.053673841437394,100.0,0.0,20.0,100.0,28.128154668230007
2023-04-28,19.15660981190234,43.93553679742428,9.365900419732682,3.9161378569400562,58.24603099914451,100.0,0.0,20.0,100.0,21.516140907852126
2023-04-29,30.714114072575104,62.03463635867223,0.08678004724605215,6.9360153735258505,51.64955483195754,100.0,0.0,20.0,100.0,27.910132835423635
2023-04-30,28.75966516343387,52.436492547156966,0.40700913499454705,5.835158727036897,44.220742590704035,100.0,0.0,20.0,90.41513079245411,26.30221131666778
2023-05-01,28.955159735215233,45.77746290402326,0.1305784207257069,7.7499008745156175,37.62923583623195,100.0,0.0,20.0,84.11638199675068,22.30579071903631
2023-05-02,20.453062726026307,53.534271157574736,0.333568642519236,3.740408363082657,57.2944204779837,100.0,22.37076416376805,20.0,93.49664641239363,19.95722657961896
2023-05-03,32.013971554680495,49.18451996385605,0.0878386180804469,7.222562474967099,51.42913955822059,100.0,0.0,20.0,96.25295253488315,15.186871541637105
2023-05-04,17.990744686038596,76.87141635072565,5.567049593322656,1.919231066411679,55.896595398988595,100.0,0.0,20.0,100.0,26.748250236498468
2023-05-05,27.934285469001352,68.81639756949451,6.261512743969565,7.291186343098934,56.21206920226468,100.0,0.0,20.0,91.83224999256,17.175986143189725
2023-05-06,35.952278129049894,59.92027358683383,0.2877611187515712,6.006843527438774,50.227719300812325,100.0,0.0,20.0,100.0,25.47672099720654
2023-05-07,20.04731837434656,74.79944138890026,0.0,3.5793123156513262,48.86256832373494,100.0,0.0,20.0,100.0,23.682758919588753
2023-05-08,22.16851135198614,60.77368307647618,3.4142466691592124,5.028794997505518,42.90268090336056,100.0,0.0,20.0,91.46195440811312,28.39571387719098
2023-05-09,25.498256825438204,51.38715798671736,0.3433308671570853,5.944092563203271,36.23126283540653,100.0,0.0,20.0,83.54159675545786,23.48977250255068
2023-05-10,22.482621729419005,75.23124077269657,3.8987954532665334,3.5496746483712642,61.0130814660333,100.0,23.768737164593468,20.0,80.39411186821543,23.352761068264545
2023-05-11,17.246682844669337,65.38910043684659,2.608769062553899,3.0500608473581114,61.990693315507166,100.0,0.0,20.0,79.2224512570091,28.659353521441478
2023-05-12,25.342814874030136,49.62753845673544,0.0,5.630997523948365,57.38590738791096,100.0,0.0,20.0,83.42036775327507,26.675290145420586
2023-05-13,19.688481431369475,58.09661321916392,6.642515603990185,3.8858636236872104,61.62018032998895,100.0,0.0,20.0,84.76723565811771,26.58077978591389
2023-05-14,27.36796215317591,51.24381746615243,7.387633019286565,6.87528067412247,60.261655271063844,100.0,0.0,20.0,88.5021996109648,27.34633794904263
2023-05-15,20.402878828830982,46.172002690356635,0.161633928546842,6.982498632839716,52.36886367654287,100.0,0.0,20.0,98.73556881594511,17.32213938396447
2023-05-16,32.7496720250877,69.26177547531641,0.8368953201920479,5.529353846243886,48.41097977729372,100.0,0.0,20.0,100.0,28.78394339993491
2023-05-17,21.083733538318814,79.0941664047013,2.8575961721747154,1.89223540784962,48.92940857687511,100.0,0.0,20.0,98.36613277116743,28.06234397006801
2023-05-18,23.389692418971624,46.01432426180859,3.0033703699610754,5.2889402223526405,46.604999512708076,100.0,0.0,20.0,98.25120754702468,19.916584357117515
2023-05-19,29.067586086848348,65.62969236690572,3.975632818018491,8.111741936678701,44.06877419793196,100.0,0.0,20.0,85.64465691620137,23.779597631628995
2023-05-20,18.845678417830225,53.49357430878173,8.03061361629905,3.2907824001572274,46.70124057578107,100.0,0.0,20.0,93.1163623512996,24.803463561861843
2023-05-21,26.137299673020646,55.12874616235304,1.4691583175178518,7.110139431930544,42.960874645315535,100.0,0.0,20.0,92.91900075580219,24.327516077991337
2023-05-22,31.53571377141214,54.07606075761131,0.0,8.281040530478304,34.47093567776229,100.0,0.0,20.0,80.95191407035915,26.669299832842672
2023-05-23,16.96258382719386,51.36009230320184,0.0,3.2709239085706856,56.86918041765568,100.0,25.52906432223771,20.0,88.22639463519558,32.15683390915592
2023-05-24,25.92316929266152,60.48521627944827,0.0,5.729356123745166,49.28511802552936,100.0,0.0,20.0,98.5696807790037,30.408833638364143
2023-05-25,26.299413971242117,51.69049883588962,1.9006190813786088,7.3037544755824815,45.83237789089034,100.0,0.0,20.0,86.15919810293147,18.43890403284297
2023-05-26,28.90911435888655,62.704568257798385,7.383673590553363,5.267466717899904,48.327747996741294,100.0,0.0,20.0,95.70647599107889,28.110349951530242
2023-05-27,18.81524644560959,59.49761890550863,0.44716610289148573,3.5845879837441244,39.78386152989019,100.0,0.0,20.0,89.1277081124342,31.64466659767705
2023-05-28,18.397716934578618,57.6105195313359,2.6713638549166956,3.2173364964002844,58.145875992261566,100.0,20.21613847010981,20.0,90.65721109214047,26.934042603446013
2023-05-29,27.60970782808449,50.92436337958402,1.9507313117817437,4.960966665944829,56.15804583714844,100.0,0.0,20.0,93.26625985118339,30.454902125929834
2023-05-30,26.48492336616593,54.23228669431667,5.565179820344252,4.936092793451345,56.51223583478596,100.0,0.0,20.0,90.48051468372586,35.06135222850382
2023-05-31,26.252464251729382,67.55391225825755,9.580797277620865,3.6488569706707423,65.66873265771338,100.0,0.0,20.0,76.53221680657082,30.118547730534907
2023-06-01,26.73224104748488,65.00917187624381,0.4073936812390381,5.130073083944011,64.22598231375119,100.0,0.0,20.0,75.35942083200598,26.246542978208645
2023-06-02,21.599876392107547,50.22444755201449,0.5316816724453336,4.038779669762143,60.86975159423756,100.0,0.0,20.0,87.18951470965632,30.225442370423767
2023-06-03,26.161268485805017,60.99332305429226,5.132482631207216,5.416373456237139,60.09373579294775,100.0,0.0,20.0,86.96426103252533,25.724439165484455
2023-06-04,26.465362366493405,67.5138712337179,4.045674468878934,3.3614832654091593,65.11981243141315,100.0,0.0,20.0,79.78037559284427,25.119515216424777
2023-06-05,21.42824290986816,43.305947188786284,7.5401219772081,5.451231454748775,67.45511256744145,100.0,0.0,20.0,71.18715693549994,23.242928821431338
2023-06-06,34.328872555723784,65.43360192379934,3.751784555977892,7.427623376563714,63.86647863960053,100.0,0.0,20.0,68.43356744124299,32.81706679416054
2023-06-07,27.36916460455894,53.37376241054153,0.9221237276388214,3.811409157813255,59.731894485957184,100.0,0.0,20.0,90.8879218298327,20.907856670289995
2023-06-08,19.043482513986756,65.70598668593159,3.7719644920769277,3.897453738348344,58.12146406828967,100.0,0.0,20.0,85.42361661752348,32.66183862339058
2023-06-09,28.28276804316915,52.367408434574834,5.326110741748723,7.265852179378381,54.95818444884944,100.0,0.0,20.0,88.24884450651024,27.499320618701855
2023-06-10,20.126591648863393,41.95117899335481,4.461446543592093,3.718118361413733,54.84290818199327,100.0,0.0,20.0,96.20303228658005,18.003469125990293
2023-06-11,28.93542301871226,43.72457562116837,3.5218220933218936,8.273428209521736,47.27866713844976,100.0,0.0,20.0,93.957937508079,26.83824646495711
2023-06-12,30.79297789503702,60.48084946661382,5.200024068767462,6.553572115042758,42.915678344112465,100.0,0.0,20.0,94.67319943640182,14.49986746174188
2023-06-13,20.89658840824145,62.59722501721482,5.507886771337018,3.34444457502914,45.24400004628936,100.0,0.0,20.0,95.95102981731752,28.12754008415518
2023-06-14,29.81688064622161,50.956833748955916,6.1464769731125815,6.359765364138821,44.41229350116339,100.0,0.0,20.0,95.03628686774748,29.426157414944953
2023-06-15,27.06390463468249,66.38592458777374,3.9461296627689277,5.651811610069533,43.34496057470115,100.0,0.0,20.0,83.18766230604906,22.03822022173973
2023-06-16,29.11030079997245,43.3847993773104,1.4986457590494369,6.728825582541382,34.364435811917716,100.0,0.0,20.0,82.60637364480858,25.617738479777913
2023-06-17,34.48396491326974,59.33920201352684,2.4401410592999686,7.468588874423974,54.65128659374272,100.0,25.635564188082284,20.0,94.3293227655552,34.77078716875143
2023-06-18,23.773059419985646,47.889838002375434,5.61952689952507,4.439446390798992,56.257760358944175,100.0,0.0,20.0,88.76697376535273,22.471266478690318
2023-06-19,21.23131917821255,53.48163892197841,0.0,4.741542713579668,50.87810977403127,100.0,0.0,20.0,99.39977767566434,19.705462064716997
2023-06-20,20.552427851872384,60.47398671316414,3.1060199266187034,2.6730717378112905,53.46307224003588,100.0,0.0,20.0,85.92421547545459,32.40831701231299
2023-06-21,20.920948575172808,51.39586634716048,0.819983563017918,4.503170336327837,53.58226683823198,100.0,0.0,20.0,96.66986380005538,34.81293595265397
2023-06-22,24.614491452929478,56.154444557701744,2.0862344688044523,4.211268421236019,50.04041935197949,100.0,0.0,20.0,94.79251343112041,25.018478359239236
2023-06-23,26.705759874083217,70.0629280921444,5.835355587821896,4.102475627619657,48.16701995966984,100.0,0.0,20.0,90.48717851028708,30.05731517704178
2023-06-24,26.383453996650097,54.231081304768516,2.57329720405971,6.801229909302031,44.47334055645049,100.0,0.0,20.0,84.09821490358627,31.707379577654407
2023-06-25,29.13591624518012,68.35692112065142,2.1393096444684465,6.500647313597721,36.94962148325694,100.0,0.0,20.0,85.98787409983504,21.28757883730808
2023-06-26,25.065009459389536,48.702931453423815,0.0,6.186993440113894,52.84688445651923,100.0,23.05037851674306,20.0,92.58335634675721,22.57347082316066
2023-06-27,32.26767038578659,65.29804177915283,4.238760698081662,5.096319223527097,55.213767187584644,100.0,0.0,20.0,99.84798776820553,31.154372565773674
2023-06-28,23.67671583381022,74.41568620657901,3.9364525434232265,3.6981504067382924,54.91500802845791,100.0,0.0,20.0,89.94848064205165,33.425071393542545
2023-06-29,38.600845832948096,35.283554998727105,8.48976416991638,10.169089116632447,48.93205227908323,100.0,0.0,20.0,89.86128863066011,27.814404300871775
2023-06-30,28.12833673882503,52.03104744529523,1.0766652951409983,6.16583188914015,43.420625207428685,100.0,0.0,20.0,84.54831561139973,20.60092823248973
2023-07-01,20.714212217918586,65.7707212718054,2.6574509829918163,6.173635919975141,39.64192633626075,100.0,0.0,20.0,90.64194760442582,34.935305558497205
2023-07-02,19.64553750969444,57.96954613957007,2.7481510511322655,4.423948034354756,57.87449105316135,100.0,20.358073663739248,20.0,87.40877253057465,22.345145510940178
2023-07-03,27.412362076215928,63.71145873371309,6.732359839290423,5.488948595047563,59.45521164133767,100.0,0.0,20.0,83.07574605554048,23.32431109414274
2023-07-04,23.882686073370746,53.960148132841795,1.7141134028391436,4.769413343829558,54.21911354546157,100.0,0.0,20.0,94.47142081107158,26.711689172448107
2023-07-05,28.57000247046046,60.865897874729,2.8370645773110175,5.804246505137924,51.054755353066135,100.0,0.0,20.0,100.0,32.77080210357387
2023-07-06,27.366188122867726,58.44322764607921,3.8236895291496173,5.3986064058890415,50.896267322839826,100.0,0.0,20.0,100.0,29.269879882761117
2023-07-07,24.635855436715637,71.67782061659807,2.5598273694690743,5.051388733201815,50.31097922693358,100.0,0.0,20.0,100.0,27.074327501809552
2023-07-08,20.766031409657977,62.54420843301213,0.6606991563484153,4.982698177075573,44.76410545692554,100.0,0.0,20.0,90.34731495644289,27.31644265059053
2023-07-09,17.425763876570677,63.37602662075202,2.5822699786949226,2.530361983768585,42.52856103721056,100.0,0.0,20.0,82.16260312540565,25.21757334321733
2023-07-10,22.767425239664895,55.881230338775325,5.220895249579316,3.428190577436434,44.25480572806452,100.0,0.0,20.0,89.3148827864804,27.79069757259253
2023-07-11,29.28199397161736,55.123937759275066,0.0,4.263996533256423,39.73373417193023,100.0,0.0,20.0,85.90200379080979,12.352199611528485
2023-07-12,26.07046872065102,55.67441812180379,2.3989090224406278,5.938364164952559,55.363095042006144,100.0,20.26626582806977,20.0,87.13656280593773,23.516962704651007
2023-07-13,18.77130610644006,63.944521423782966,0.0,2.4536685439249903,53.229139282075955,100.0,0.0,20.0,90.37053650241084,26.206609674583905
2023-07-14,25.86590462925591,55.79015519179737,5.585139886774527,3.2307825733088302,58.11491227727105,100.0,0.0,20.0,89.54657099184286,19.244929581902465
2023-07-15,26.926586898644185,62.897748568964126,0.0,5.629008555811595,54.42481812251293,100.0,0.0,20.0,93.11951105837835,26.9316165890578
2023-07-16,20.580712818994336,80.75400798645438,0.323234458185235,5.571441681908938,47.884156279101624,100.0,0.0,20.0,96.99021939571037,23.97764389506939
2023-07-17,25.76862552972764,68.71124703431693,3.1316356251935624,4.712091842689787,43.91642639809244,100.0,0.0,20.0,87.08216292363832,33.77737849157745
2023-07-18,25.29104359223,56.73976467832159,6.6965720877030215,6.0597112589815625,46.55445186289985,100.0,0.0,20.0,93.67967422332094,32.865098626074285
2023-07-19,19.285148510846884,72.01213922163944,1.8027492167810366,3.3382520996349694,47.80387958017458,100.0,0.0,20.0,92.08465364892035,22.670972154409185
2023-07-20,26.788936801741418,55.91924626978449,0.3344014199204052,5.462935393667917,43.25273286498678,100.0,0.0,20.0,94.3300913531041,24.245811442166524
2023-07-21,27.80392263184117,39.61875464822146,7.6434712083217695,7.49892327694493,43.12866331342253,100.0,0.0,20.0,94.86924164375256,24.630262171958037
2023-07-22,30.415256215876386,49.91913689082596,0.0,6.296819854445328,38.41882090008163,100.0,0.0,20.0,73.39729203893197,22.741702619201888
2023-07-23,30.269010260174515,41.29208078974144,0.0,7.256590326619734,55.352090159136566,100.0,21.581179099918373,20.0,87.3243104603331,25.975124920140633
2023-07-24,18.111653160214544,56.48486515958691,3.320043350159997,4.119785180259576,56.6174407377203,100.0,0.0,20.0,82.59119261796916,21.20858965556205
2023-07-25,20.310874800424386,60.184183791895514,0.49383732694216653,3.3848753168470527,51.54446988738502,100.0,0.0,20.0,94.43317549688798,19.346923325312368
2023-07-26,27.5751763360433,76.76437312275283,0.0,5.668858960607541,43.66420158980561,100.0,0.0,20.0,90.07911253575661,28.113556119501343
2023-07-27,27.568929754561044,63.269273737641626,4.12506934189806,5.175362507334719,41.99783985599747,100.0,0.0,20.0,80.74853368550355,28.147647921109055
2023-07-28,27.575238431530238,57.80899471191136,2.7314021413135965,4.868852791217635,42.48100669833265,100.0,0.0,20.0,84.11221098187242,20.978421201700037
2023-07-29,44.2636574532736,68.2940558118349,0.3077641077898149,8.974538543633379,32.68989620933248,100.0,0.0,20.0,69.01505745359123,29.476777153812996
2023-07-30,27.854452553465833,37.88864690992115,0.0,5.777990183406072,50.85513343215202,100.0,27.31010379066752,20.0,99.7536364987667,21.842111354173344
2023-07-31,30.677828200902994,62.35614558108566,4.6173719848404335,6.0459395184954445,51.35626916469192,100.0,0.0,20.0,98.31231793814337,26.265826190189905
2023-08-01,29.77000881746601,67.70865193886966,3.9506035338759826,5.559450169905515,47.27872478490254,100.0,0.0,20.0,92.30939941066754,29.10172006306228
2023-08-02,28.25695625652899,45.214137542201584,1.7024724086618512,7.476579940027296,41.45180573961925,100.0,0.0,20.0,88.06181297012587,24.831937176481436
2023-08-03,23.42365377679827,71.43754043206928,7.5399109881429975,4.587551966636142,42.78495772128282,100.0,0.0,20.0,86.44403615898791,27.273704560705674
2023-08-04,28.794846102466337,63.38496407494414,0.0,5.564694058000916,36.27258496914007,100.0,0.0,20.0,78.05060190207983,22.417851780562142
2023-08-05,21.13587392731214,55.847120860991986,0.0,5.252585041613116,55.839983454394286,100.0,23.72741503085993,20.0,99.60728526990125,24.017667082859514
2023-08-06,23.815906966299956,66.32781866106285,0.0,5.836998009224162,49.13021366411699,100.0,0.0,20.0,100.0,23.970702845598296
2023-08-07,22.573182260854484,82.70692857804396,1.8632419509335065,3.937100329620561,46.87962936701926,100.0,0.0,20.0,88.8215378658909,21.267108267298806
2023-08-08,25.409370696931614,61.81866255058495,2.7300183479680755,5.001293631700456,44.09076195795268,100.0,0.0,20.0,95.28480502632489,24.11612918442109
2023-08-09,36.573292833367546,62.48220586300336,1.2762918264310104,5.878712041173182,40.61018063909299,100.0,0.0,20.0,89.97225373109744,17.256908505681267
2023-08-10,15.66367403704126,55.40639100459756,3.0561661895428904,2.297301594103001,42.762954043554345,100.0,0.0,20.0,83.40311462156842,22.544231264289476
2023-08-11,28.43130095187257,51.50155630535208,0.0,5.805957670752242,39.30324564797539,100.0,0.0,20.0,88.04875669073738,23.575622533151645
2023-08-12,16.93642064405174,68.30335816544246,6.331293812219779,2.3626040183789416,63.75408550583237,100.0,20.696754352024612,20.0,87.0585313333142,23.7191012375231
2023-08-13,22.640340671052833,51.43916174091133,1.7535464648222936,4.769138744179553,57.596740922338114,100.0,0.0,20.0,82.99216458527076,23.792512770646105
2023-08-14,30.444752984836832,60.715662372193925,5.351887494764384,6.109817403254778,54.450961001049606,100.0,0.0,20.0,88.73604439335428,24.691179000699357
2023-08-15,25.321400095477316,55.223425532348834,3.0281760391331125,5.832801496834752,55.11136554231815,100.0,0.0,20.0,97.4212590207403,27.39720759043032
2023-08-16,19.61127611035347,64.78979825746391,3.370259657461352,3.612266531138407,56.14546087152261,100.0,0.0,20.0,92.13928524684432,29.372585370662613
2023-08-17,21.42348145370016,63.33662105286948,3.709301840696611,4.6043668819227594,51.648280361990984,100.0,0.0,20.0,100.0,21.751173865758666
2023-08-18,28.39798874467338,70.375399442579,3.343125680051944,5.225302191615847,48.1905363466106,100.0,0.0,20.0,98.98875060191838,18.983995723054278
2023-08-19,21.348166841414315,54.89983601145253,3.9281682796026316,2.5491750013563648,49.233241987687286,100.0,0.0,20.0,100.0,19.789777938784486
2023-08-20,26.082292947909874,57.30125064706629,5.987457590397295,4.412060663409906,46.850039293923096,100.0,0.0,20.0,88.64269829932923,22.563985394025366
2023-08-21,25.22785919951907,50.21236284217693,2.5895635091044102,5.390866142073352,41.90325060947454,100.0,0.0,20.0,93.09146444731905,23.240393410917456
2023-08-22,21.741998261970917,55.55706739923889,4.127011272765537,3.360851539591132,46.81757568214889,100.0,0.0,20.0,100.0,21.150019669012714
2023-08-23,35.71972044662663,63.77300493044852,1.7307929171383198,7.555222572799105,35.93257098099544,100.0,0.0,20.0,77.75190275115303,18.519416678750527
2023-08-24,28.169595111590056,67.56988616645351,6.320351646348419,6.786175546339033,61.73609537000654,100.0,24.067429019004557,20.0,82.17847219592088,22.71939586262906
2023-08-25,14.874287066711965,50.77834675822375,0.0,4.654701927128523,54.62229425397318,100.0,0.0,20.0,85.41102110626161,25.907133100569858
2023-08-26,25.93227157384714,68.6960592010566,7.402821298732447,4.5382084837863905,56.55628615535913,100.0,0.0,20.0,92.73684454705048,27.975147329177823
2023-08-27,21.69106767615806,73.55637858804951,1.8795261480669698,5.151120742679088,58.57337825478108,100.0,0.0,20.0,90.0002198263991,22.212884734458395
2023-08-28,29.26216667398112,64.13434903223701,0.0,5.794383340386485,53.28647423738375,100.0,0.0,20.0,94.75933355892782,22.93501088928283
2023-08-29,21.037396307836495,78.76795812558066,2.384313244732368,2.9319953841702255,54.91036474782459,100.0,0.0,20.0,98.25621967761563,20.366508455763444
2023-08-30,24.426317792665504,52.26210800896427,0.0,4.658755494543948,50.867710332288844,100.0,0.0,20.0,97.02804834666703,24.842804148126117
2023-08-31,27.524936394902287,47.55345296688583,4.521930646966172,5.824844944148038,50.1030499175972,100.0,0.0,20.0,100.0,20.757856829045927
2023-09-01,29.328775970850607,42.212797510957216,0.0421280620928266,6.366938500081032,45.02138325932109,100.0,0.0,20.0,87.43375319552106,27.865639066206
2023-09-02,18.99851796472112,74.96044311489183,0.6614497003556609,3.22209765957512,43.214936087906004,100.0,0.0,20.0,89.70464337748781,16.070667540329445
2023-09-03,23.327493820795258,66.54365656354058,0.0,4.498889917031888,40.96814667241845,100.0,0.0,20.0,85.58044871911349,23.20185163773769
2023-09-04,22.62527344419522,59.44415329089545,0.6430810422527699,4.555893044447686,33.50926973380977,100.0,0.0,20.0,76.39044421091936,26.50553669595871
2023-09-05,21.73335383713144,62.799686263198204,0.0,4.643624624012727,53.54491077426203,100.0,26.490730266190234,20.0,92.83499919444017,25.91917258161252
2023-09-06,33.82727120140549,48.74510952701623,0.0,8.518845038716627,43.83474314745842,100.0,0.0,20.0,90.09475174282929,38.46516831990248
2023-09-07,27.024908554804778,84.45751979616827,4.281243968432892,5.131659856593866,38.71297883134005,100.0,0.0,20.0,87.19970410421762,26.749000122839536
2023-09-08,18.695580228324776,61.292211819752275,4.357400475952496,2.189607486227438,64.27990660785716,100.0,21.287021168659948,20.0,76.39631890202318,19.97972701578995
2023-09-09,29.58930973527388,61.09394794604893,3.276372685354894,3.3092434148503753,64.13724787712911,100.0,0.0,20.0,70.76124268061294,24.522678764554634
2023-09-10,35.610780985063165,67.25766623898693,0.0,7.6935927963025605,57.48589993758523,100.0,0.0,20.0,97.51906961464925,16.11876833266774
2023-09-11,30.162326302755734,64.81009231736714,1.8568659315740605,4.425081946267369,56.02889285489882,100.0,0.0,20.0,97.86393111110421,24.597001253516197
2023-09-12,17.40315017022993,62.23884024279131,1.9891923827282947,3.1439226200137367,54.47948577699873,100.0,0.0,20.0,86.81945785897382,20.834719714996208
2023-09-13,22.578829635668743,52.09525544554688,0.0,3.7408901287970444,50.34877908749632,100.0,0.0,20.0,100.0,29.57695137780081
2023-09-14,31.334555745933113,64.71468357135996,6.510194905301452,4.229196533038605,53.81689090432089,100.0,0.0,20.0,91.75978979076194,22.252298627022327
2023-09-15,21.461652671906098,78.82024496475033,4.632086871727014,3.8927810143484916,55.867998314758935,100.0,0.0,20.0,92.5154386045169,24.416170421023768
2023-09-16,27.219097140731144,73.45420046154977,1.3371074785110082,5.530264565371387,51.63742371500676,100.0,0.0,20.0,99.01498507255734,21.822210792977984
2023-09-17,28.873170267146683,75.93186626639397,2.0806575169835924,4.401530339382918,51.56477633257946,100.0,0.0,20.0,96.4807964995492,33.69425675926666
2023-09-18,20.365347642109587,54.887843235688145,2.6251484238426572,1.7376350744925997,50.9065343462823,100.0,0.0,20.0,94.72137015264457,23.39378616941044
2023-09-19,24.702373219691,50.10395179741419,0.0,4.889032605815008,44.07418827138471,100.0,0.0,20.0,87.65857714549577,34.16278521739601
2023-09-20,8.793663299654638,58.74213079900352,1.2584678524382091,2.2134301253832986,41.8657915492597,100.0,0.0,20.0,83.21772774648332,29.070758810591332
2023-09-21,19.878061793328552,60.557249122886944,0.0,2.468838333747235,41.303203306264635,100.0,0.0,20.0,82.79569391824472,27.41033363667693
2023-09-22,23.7371592430342,70.94191518470949,0.0,4.383696009150521,38.36969887081011,100.0,0.0,20.0,82.21865685596839,26.8436657365876
2023-09-23,18.761084090175753,43.07535370285181,1.1566991213421354,4.583139283719565,55.29059664717666,100.0,21.63030112918989,20.0,88.48530508368125,26.968986491081257
2023-09-24,33.16205651965818,75.29550319460614,7.3930595805485675,6.446927643802416,57.837547634378176,100.0,0.0,20.0,91.65393887699584,15.36163710327195
2023-09-25,17.849293110196836,58.419921014210104,3.9225285838010295,3.7684429397430153,60.36946002138548,100.0,0.0,20.0,91.88204074460141,23.60558302924622
2023-09-26,22.799777566515083,55.7311893005258,0.2864630306516096,3.800327107395171,57.558492359725086,100.0,0.0,20.0,85.76199525356215,29.225789855921608
2023-09-27,25.653702886430455,49.87895624739832,3.7177483440684758,6.833364266580666,54.38983391871478,100.0,0.0,20.0,94.61227162460472,24.75551408262947
2023-09-28,32.20636644533058,43.451433281342304,6.198066309758007,7.110172051972031,53.15159424861323,100.0,0.0,20.0,97.77103417859483,17.974050765982124
2023-09-29,17.8206892441028,68.23170583961914,4.773901048738306,3.1252480173296715,53.44989073007309,100.0,0.0,20.0,97.18517525948673,24.73797774711265
2023-09-30,30.815818760774796,60.73317967188404,2.1788911097605226,5.193236809487562,48.850705188346126,100.0,0.0,20.0,98.65583412209962,33.520527581277456
2023-10-01,25.051165305097935,47.10039100258946,0.059189666883278313,5.211931259698604,39.91073426162323,100.0,0.0,20.0,88.57951348423346,31.234458577673596
2023-10-02,20.092456744760245,47.049212279363836,4.09466994084077,3.781228020956956,60.31585287060826,100.0,20.089265738376767,20.0,86.9374654574909,24.689979953169843
2023-10-03,27.310517371316354,56.64215300709872,3.180456156265249,5.457049763984912,59.35775059975341,100.0,0.0,20.0,79.7750619887334,29.757246385290433
2023-10-04,25.99529847786735,76.69021525289394,4.685579660083197,6.076257413071117,54.751953118027544,100.0,0.0,20.0,97.21785064490504,23.16746489815974
2023-10-05,21.998915614206027,57.40408648636395,3.9055154050459087,3.1576776555916513,53.96150616790721,100.0,0.0,20.0,98.49419493447289,16.480642065866405
2023-10-06,25.349010424950094,44.96857046881894,5.148658145958006,4.2078121636723305,56.56130183405638,100.0,0.0,20.0,86.34161672802253,20.377670059352226
2023-10-07,23.0734320156912,57.54256935914056,0.3942943653182961,6.208728262674821,50.217838254078636,100.0,0.0,20.0,99.86293179612005,32.81444384254099
2023-10-08,25.56758672625624,57.2727643025233,5.952182196902977,5.040555452973217,52.40030105842685,100.0,0.0,20.0,99.81619337641509,23.63003459085348
2023-10-09,28.31065337260523,33.03113357058428,2.592798814077199,6.341501257331916,48.77146387570479,100.0,0.0,20.0,97.11062671566037,23.78308010312491
2023-10-10,32.93008408072676,59.45705133482188,8.225782617875797,7.653068936800334,52.06549474845755,100.0,0.0,20.0,100.0,23.500809018625596
2023-10-11,18.810922505865754,57.69065469791322,0.0,3.2720362265406253,42.75443421027528,100.0,0.0,20.0,100.0,34.52068294786503
2023-10-12,35.665166873281336,66.96206364813419,7.207891409495748,8.610939905796496,44.95240807699623,100.0,0.0,20.0,88.49868195231943,33.12979457681031
2023-10-13,15.239561002387491,78.48956094945345,2.5937323503879433,2.8013600243440946,45.16409923358933,100.0,0.0,20.0,85.84092583461513,36.09390116724067
2023-10-14,24.241074524822082,71.26565029547757,0.045745989156654954,3.7970209820448355,43.027069433975775,100.0,0.0,20.0,91.05969712898803,24.204773947999744
2023-10-15,27.94158603242288,57.31111309445169,0.5483424978370353,7.880069765027495,36.648057705497756,100.0,0.0,20.0,83.57989908387735,26.478122443735476
2023-10-16,26.404959338675162,48.9347409125833,1.0389580754170396,5.228539899102529,57.93083799131227,100.0,23.351942294502244,20.0,86.94941114380775,17.416787252896043
2023-10-17,21.88650240089703,85.7335980324986,3.2724978392057493,3.832715950563782,58.155451814311775,100.0,0.0,20.0,95.03312559513752,32.38467213059137
2023-10-18,23.959388748213623,60.59218434014488,3.5685064641064987,5.061561113041972,56.61124854099231,100.0,0.0,20.0,83.3900981898953,19.161102243660324
2023-10-19,22.534995326705836,60.13929291912946,0.278899988184263,5.8017757087834925,49.698946558214956,100.0,0.0,20.0,100.0,26.083877818813146
2023-10-20,22.053176215278942,59.758749128899964,1.9269362232170515,5.984208983337643,44.593497002225185,100.0,0.0,20.0,88.86094139954331,19.51348736183578
2023-10-21,29.248010485105127,61.980847607678555,8.426811075835591,5.782563865702864,45.59290434759352,100.0,0.0,20.0,100.0,22.05566586630652
2023-10-22,26.785077429825236,58.556395880760576,7.182629510302134,4.675777821580835,48.10017016615121,100.0,0.0,20.0,100.0,20.8136878447515
2023-10-23,21.535452023696728,54.26337993119764,3.308971009022096,5.05389355111858,45.69945819102889,100.0,0.0,20.0,89.71590434762659,21.96062369662091
2023-10-24,29.497999377166252,54.53141058759608,2.1140104345046007,5.4953139763013406,43.96835117856742,100.0,0.0,20.0,88.20474108830823,22.304386484255108
2023-10-25,26.536497604383047,59.672467297840015,2.360093980154784,7.337063403511232,37.67514877706046,100.0,0.0,20.0,85.81066260048969,22.258656025374613
2023-10-26,29.0643105941948,54.56575228866235,3.84055391819125,6.22110983548858,54.92770223575624,100.0,22.324851222939543,20.0,90.67279339741806,29.166669558901535
2023-10-27,28.14814420961806,52.871542173228356,0.0,5.620730181950085,48.35453030671684,100.0,0.0,20.0,97.30473937041407,19.4756860346874
2023-10-28,20.855024945389637,61.064302276918966,1.2278703877299646,4.302470181096887,45.80505317135377,100.0,0.0,20.0,93.83452185974271,26.102707135069334
2023-10-29,22.199094799015153,57.45022782579145,0.0,3.2201812789837616,44.28666781670596,100.0,0.0,20.0,81.83163594407065,31.089795761527792
2023-10-30,28.736468025616308,75.03992988582688,3.1976693678158377,4.023683072321266,44.2415838120583,100.0,0.0,20.0,91.29318698761627,22.43401817743302
2023-10-31,28.051851327167324,33.49030191606988,3.941587819108223,8.136269077574395,40.57762725239138,100.0,0.0,20.0,82.4178020082662,21.41040554626199
2023-11-01,24.89549203017926,70.91506851922462,0.5504406131018783,3.776450701103225,32.47398284783718,100.0,0.0,20.0,71.2453601597569,23.847376874098746
2023-11-02,25.58663691654391,72.4608519249763,6.721960289870098,3.447373804378027,66.12008275769195,100.0,27.526017152162822,20.0,83.03803588080615,30.898626041803553
2023-11-03,31.388324478942124,39.2660976759185,0.0,7.851012764519785,60.1998649623545,100.0,0.0,20.0,78.41766808507197,25.97053815476679
2023-11-04,22.04214305582085,56.57312405919651,0.0,5.765476562867342,54.61170358141004,100.0,0.0,20.0,97.14847056162482,22.34392852696201
2023-11-05,27.735486905850188,56.28559134004209,2.673355455679916,6.451771124833,49.59798412138826,100.0,0.0,20.0,98.00216153042334,27.419383255940197
2023-11-06,23.98903673783053,45.92488305282179,5.141294907836464,6.497610880730833,49.47321044803617,100.0,0.0,20.0,97.81101482957507,19.488539250817883
2023-11-07,23.9115939838639,52.22183312409125,7.051783074373606,4.414432051998756,51.831668919049015,100.0,0.0,20.0,100.0,28.40679755221474
2023-11-08,30.493884259935953,48.894241545341714,0.62334721139318,5.232254107978261,47.22381794017713,100.0,0.0,20.0,97.53598338311015,27.043036538508836
2023-11-09,29.12708174494015,77.52270443423623,5.236042500293887,6.450614779231706,43.12153602897222,100.0,0.0,20.0,92.53536902955598,23.46095764430558
2023-11-10,29.067548180003193,69.35678393147461,1.8844745914978784,5.022990600584772,38.881946320902166,100.0,0.0,20.0,88.16384278401756,20.807071007763845
2023-11-11,31.527394035771646,72.71555094994159,1.4821181001775412,5.418868243202202,55.04696946168072,100.0,21.118053679097834,20.0,90.7730038915623,20.566595388582712
2023-11-12,25.105019208163796,67.21672064043234,4.650979812460017,5.9883619514602,52.803090504634504,100.0,0.0,20.0,92.7341805705095,27.674086681729552
2023-11-13,28.40976485647482,48.70948228782771,3.956968635240259,6.802708866304238,50.61083980277517,100.0,0.0,20.0,93.65798766304826,31.14490251244531
2023-11-14,23.44866621703272,54.75479733720226,0.0,5.4078811486280385,46.44737294223393,100.0,0.0,20.0,90.54400676345612,21.813461264856024
2023-11-15,26.62083176244221,64.89374561227918,6.429621049177687,7.244481416775567,47.71073614947659,100.0,0.0,20.0,100.0,27.29193351775742
2023-11-16,24.349284728161578,47.778721911080545,6.140274062442355,4.837402619698146,50.35456882670323,100.0,0.0,20.0,100.0,14.564864906989657
2023-11-17,25.48497982496359,67.12998430172388,0.12331189547141175,5.668336877987762,41.70202631215475,100.0,0.0,20.0,80.79766763719202,22.076911346714002
2023-11-18,27.97578512718457,57.59674601841865,3.1874106003122273,5.772332849413065,39.86992311524895,100.0,0.0,20.0,78.19259488915557,24.84470533564549
2023-11-19,20.908896583832636,56.251791924504026,3.4820905588482165,4.6377819994045835,57.10498239689424,100.0,20.13007688475105,20.0,91.75185671325109,20.45158291509083
2023-11-20,35.4619363784273,67.10959968203491,2.7820212974717213,8.265375717996246,49.24280419063507,100.0,0.0,20.0,100.0,20.31746812605202
2023-11-21,19.96991309250149,64.4426331148604,0.34908453846373966,4.279686719046902,43.51096054075617,100.0,0.0,20.0,93.01085998772108,21.66110221765557
2023-11-22,18.92905693606134,56.3903383418092,0.0,4.504590549171441,38.34913304008676,100.0,0.0,20.0,81.24892059236166,26.460963641631867
2023-11-23,30.790554367500338,71.59329803364248,1.9233377870256643,6.650953309127746,54.18415647366954,100.0,21.650866959913238,20.0,93.09649398948119,24.063354907968126
2023-11-24,28.95831346981468,49.189366724001026,5.5181870577780945,5.967241628219999,53.81694025401907,100.0,0.0,20.0,95.91398723976818,13.808843833375139
2023-11-25,28.120599085260775,66.15935606944264,3.630800463783297,4.4769423462410165,54.4524470624016,100.0,0.0,20.0,93.75079443786424,14.396499236824669
2023-11-26,28.1417275463214,65.93101257968384,0.8881570037416822,4.2869856862590545,50.59641854920419,100.0,0.0,20.0,88.00887031245605,21.965674110714126
2023-11-27,24.938766135765427,56.904535606860094,4.315096131945034,3.176169857434079,46.61067750612452,100.0,0.0,20.0,93.7670181063108,27.28843293026776
2023-11-28,20.51372814257084,63.26133022242118,0.0,5.995886247333432,45.44002210201692,100.0,0.0,20.0,88.9030009817238,11.262475786373827
2023-11-29,25.37902279096863,47.488864236146966,5.44629710111631,4.598152980664695,46.249645462999744,100.0,0.0,20.0,95.25052528904217,22.501349119241848
2023-11-30,21.61419144243944,69.240270192069,0.0,3.6395711552986665,42.65500609332517,100.0,0.0,20.0,100.0,22.368760717412894
2023-12-01,29.875598667088756,58.15097863557011,0.9126771757906036,5.790757501750325,35.41530013674776,100.0,0.0,20.0,79.96035853249316,31.94168889104224
2023-12-02,24.264713092489306,54.772769794809605,0.0,5.421710826566482,56.00905180431601,100.0,24.58469986325224,20.0,89.418773862664,23.074890941435683
2023-12-03,20.872514016037442,70.49009225836889,0.0,4.465735402828341,52.42026787910712,100.0,0.0,20.0,100.0,26.914944923704642
2023-12-04,23.39307079173503,52.95656309457241,5.482480362135558,5.891259491978131,53.357211221198185,100.0,0.0,20.0,97.37762260424878,25.706285700437316
2023-12-05,27.064657271378124,45.9153870363644,0.5968963960643259,5.534084663888466,47.711941531491995,100.0,0.0,20.0,98.6683847494972,14.347167600963997
2023-12-06,22.181377235980126,44.433708264760966,3.0395116451921473,5.047468320171566,45.90769744703655,100.0,0.0,20.0,96.89579913663317,28.841036083158688
2023-12-07,20.888898022167844,66.0600995134564,1.8592382633624478,4.157354579249049,41.13136697984214,100.0,0.0,20.0,96.97976829391092,26.07698252728144
2023-12-08,26.218436057459563,47.19570647503717,3.431122481669364,5.635210761556507,39.25680038242803,100.0,0.0,20.0,78.23075839701247,27.54134319837295
2023-12-09,26.224832855543614,77.54794181984364,2.230465673180766,5.974915056136533,56.60223394578505,100.0,20.743199617571968,20.0,92.4648094653797,44.63118853218163
2023-12-10,22.46528412314435,39.18070592116278,0.0,6.024996480208983,50.130832956306456,100.0,0.0,20.0,95.17184491563262,14.579435302507058
2023-12-11,22.644808471908387,76.96456368290038,4.98880045834142,4.4156112962864755,47.50221416140837,100.0,0.0,20.0,99.03088447382379,33.62348324880554
2023-12-12,26.16024968678818,62.11017467202618,0.5187302505160625,5.789422472423739,42.025012419202604,100.0,0.0,20.0,83.44408607137343,23.56276240299822
2023-12-13,17.75957829251338,59.032868881296075,0.0,4.773746071923197,36.89955753841526,100.0,0.0,20.0,78.26250223959747,26.436644522015047
2023-12-14,17.962681128117225,54.550809131910505,0.7156545171022625,4.046017327731627,56.71141016596256,100.0,23.10044246158474,20.0,88.45743517986662,24.77243877349379
2023-12-15,21.40777889373782,63.991361143520706,6.502279371902933,2.7851557736156822,57.90820423390465,100.0,0.0,20.0,93.01677724586658,22.878818333009782
2023-12-16,23.932764241440765,59.62365297575152,4.550665226340478,5.205058151253218,56.50341854834403,100.0,0.0,20.0,94.83714439719603,22.15083535880621
2023-12-17,26.55453782799002,71.03301882016522,0.9540435967764225,4.107899730797914,55.912850004330075,100.0,0.0,20.0,84.90213811127296,26.647543677865045
2023-12-18,32.37678108474776,61.142276486620396,0.9522268870447137,5.889625710868776,48.75253526663195,100.0,0.0,20.0,98.40347345494718,17.414131516641604
2023-12-19,29.288298116010097,61.50301761461878,1.0350948463478522,6.368872761226174,44.415200848747205,100.0,0.0,20.0,88.07490199937494,28.75289583760883
2023-12-20,24.200307350182864,56.36387787786144,8.230243950682523,6.260150647577136,49.54637552498934,100.0,0.0,20.0,93.02703873410732,22.91902797557373
2023-12-21,24.904918960486555,59.43054376278933,3.14580635669466,5.030728180693906,46.039738678569414,100.0,0.0,20.0,92.97452276573226,19.34965330479821
2023-12-22,19.987353176810956,63.07801768892059,3.290124941573209,4.152402763515125,44.70942113841353,100.0,0.0,20.0,90.52171776534121,22.74993571002093
2023-12-23,24.90743432003805,42.89831607343375,5.0908503620955265,7.53878600497116,44.2361545287161,100.0,0.0,20.0,100.0,31.285746084312862
2023-12-24,23.556706805399312,46.518145778942866,2.7163674770795407,5.626187251621287,40.68663970766467,100.0,0.0,20.0,88.1947586883005,22.323324564918885
2023-12-25,26.613592801690448,67.43264094022715,1.2228735625378906,7.552769627507127,32.68645783943539,100.0,0.0,20.0,67.1415992553819,26.7922680910481
2023-12-26,20.863845282238387,61.708654381279416,1.4109504527450651,4.652845983015251,53.5427824154937,100.0,27.31354216056461,20.0,91.86195635590474,21.34521862142263
2023-12-27,27.596732571205862,58.16016663647321,1.7851962217578081,3.850575423261694,55.524615652449086,100.0,0.0,20.0,96.81999299847337,28.7896092496181
2023-12-28,32.66369456501289,60.184339330653934,1.8883332904704753,7.276863567574413,49.75600730534216,100.0,0.0,20.0,100.0,28.42753869395102
2023-12-29,24.456199257715713,63.47581705361671,4.18288863091094,5.098607383745085,48.4795051889832,100.0,0.0,20.0,89.789341222285,34.24304416648206
2023-12-30,27.008558610494706,54.60240319690639,2.1558376574218983,6.961344316336367,39.250274707409716,100.0,0.0,20.0,74.47579013541935,24.122180272503922
2023-12-31,28.450719958555563,52.216952745976876,4.197920231646737,6.752477705682227,54.597528221064216,100.0,20.749725292590284,20.0,100.0,28.343274023789533
